<?xml version="1.0" encoding="UTF-8"?>
<gpx xmlns:gpxdata="http://www.cluetrust.com/XML/GPXDATA/1/0" xmlns:xsi="http://www.w3.org/2001/XMLSchema-instance" xmlns="http://www.topografix.com/GPX/1/1" version="1.1" creator="http://ridewithgps.com/" xsi:schemaLocation="http://www.topografix.com/GPX/1/1 http://www.topografix.com/GPX/1/1/gpx.xsd http://www.cluetrust.com/XML/GPXDATA/1/0 http://www.cluetrust.com/Schemas/gpxdata10.xsd">
  <metadata>
    <name>30M D1 West Michigan 2026</name>
    <link href="https://ridewithgps.com/routes/54389734">
      <text>30M D1 West Michigan 2026</text>
    </link>
    <time>2026-03-26T12:02:11Z</time>
  </metadata>
  <wpt lat="42.67898680535533" lon="-86.17588249193534">
    <name>Rest Stop 1- Spectators Bar 6432 Blue St. Hwy (next stop 14 miles)</name>
    <cmt>restroom</cmt>
    <desc>Rest Stop 1- Spectators Bar 6432 Blue St. Hwy (next stop 14 miles)</desc>
    <sym>Dot</sym>
    <type>toilet</type>
  </wpt>
  <wpt lat="42.68203929603077" lon="-86.09318012624908">
    <name>Rest Stop- East Saugatuck Park- 5559 136th Ave. 8.4 miles to finish</name>
    <cmt>restroom</cmt>
    <desc>Rest Stop- East Saugatuck Park- 5559 136th Ave. 8.4 miles to finish</desc>
    <sym>Dot</sym>
    <type>toilet</type>
  </wpt>
  <wpt lat="42.78581000000001" lon="-86.09928860061169">
    <name>Finish- Congratulations </name>
    <cmt>finish</cmt>
    <sym>Dot</sym>
    <type>generic</type>
  </wpt>
  <trk>
    <name>30M D1 West Michigan 2026</name>
    <trkseg>
      <trkpt lat="42.78581" lon="-86.0993">
        <ele>187.0</ele>
      </trkpt>
      <trkpt lat="42.78581" lon="-86.09951">
        <ele>187.0</ele>
      </trkpt>
      <trkpt lat="42.7858" lon="-86.09994">
        <ele>186.7</ele>
      </trkpt>
      <trkpt lat="42.78581" lon="-86.10031">
        <ele>186.4</ele>
      </trkpt>
      <trkpt lat="42.7858" lon="-86.10043">
        <ele>186.4</ele>
      </trkpt>
      <trkpt lat="42.7858" lon="-86.10086">
        <ele>186.6</ele>
      </trkpt>
      <trkpt lat="42.7858" lon="-86.10097">
        <ele>186.6</ele>
      </trkpt>
      <trkpt lat="42.7858" lon="-86.10125">
        <ele>186.5</ele>
      </trkpt>
      <trkpt lat="42.78579" lon="-86.10159">
        <ele>186.4</ele>
      </trkpt>
      <trkpt lat="42.78579" lon="-86.1021">
        <ele>186.7</ele>
      </trkpt>
      <trkpt lat="42.78578" lon="-86.10241">
        <ele>186.7</ele>
      </trkpt>
      <trkpt lat="42.78578" lon="-86.10262">
        <ele>186.9</ele>
      </trkpt>
      <trkpt lat="42.78578" lon="-86.10272">
        <ele>186.9</ele>
      </trkpt>
      <trkpt lat="42.78578" lon="-86.10285">
        <ele>187.0</ele>
      </trkpt>
      <trkpt lat="42.78578" lon="-86.10322">
        <ele>187.0</ele>
      </trkpt>
      <trkpt lat="42.78578" lon="-86.10361">
        <ele>187.0</ele>
      </trkpt>
      <trkpt lat="42.78578" lon="-86.10389">
        <ele>187.0</ele>
      </trkpt>
      <trkpt lat="42.78577" lon="-86.10407">
        <ele>187.0</ele>
      </trkpt>
      <trkpt lat="42.78577" lon="-86.10424">
        <ele>187.0</ele>
      </trkpt>
      <trkpt lat="42.78577" lon="-86.10436">
        <ele>187.0</ele>
      </trkpt>
      <trkpt lat="42.78577" lon="-86.10436">
        <ele>187.0</ele>
      </trkpt>
      <trkpt lat="42.78586" lon="-86.10436">
        <ele>186.9</ele>
      </trkpt>
      <trkpt lat="42.78614" lon="-86.10437">
        <ele>186.7</ele>
      </trkpt>
      <trkpt lat="42.78614" lon="-86.10437">
        <ele>186.7</ele>
      </trkpt>
      <trkpt lat="42.78632" lon="-86.10437">
        <ele>186.7</ele>
      </trkpt>
      <trkpt lat="42.78661" lon="-86.10437">
        <ele>186.7</ele>
      </trkpt>
      <trkpt lat="42.78668" lon="-86.10437">
        <ele>186.7</ele>
      </trkpt>
      <trkpt lat="42.78677" lon="-86.10437">
        <ele>186.7</ele>
      </trkpt>
      <trkpt lat="42.78733" lon="-86.10437">
        <ele>186.4</ele>
      </trkpt>
      <trkpt lat="42.7874" lon="-86.10437">
        <ele>186.4</ele>
      </trkpt>
      <trkpt lat="42.78759" lon="-86.10437">
        <ele>186.2</ele>
      </trkpt>
      <trkpt lat="42.7877" lon="-86.10437">
        <ele>186.1</ele>
      </trkpt>
      <trkpt lat="42.78793" lon="-86.10438">
        <ele>186.1</ele>
      </trkpt>
      <trkpt lat="42.78794" lon="-86.10438">
        <ele>186.1</ele>
      </trkpt>
      <trkpt lat="42.78803" lon="-86.10438">
        <ele>186.1</ele>
      </trkpt>
      <trkpt lat="42.78803" lon="-86.10438">
        <ele>186.1</ele>
      </trkpt>
      <trkpt lat="42.78843" lon="-86.10439">
        <ele>186.1</ele>
      </trkpt>
      <trkpt lat="42.78851" lon="-86.10439">
        <ele>186.1</ele>
      </trkpt>
      <trkpt lat="42.78887" lon="-86.10439">
        <ele>185.8</ele>
      </trkpt>
      <trkpt lat="42.78907" lon="-86.10439">
        <ele>185.8</ele>
      </trkpt>
      <trkpt lat="42.78933" lon="-86.10439">
        <ele>185.8</ele>
      </trkpt>
      <trkpt lat="42.78941" lon="-86.10439">
        <ele>185.7</ele>
      </trkpt>
      <trkpt lat="42.7896" lon="-86.10439">
        <ele>185.5</ele>
      </trkpt>
      <trkpt lat="42.78977" lon="-86.10438">
        <ele>185.3</ele>
      </trkpt>
      <trkpt lat="42.78989" lon="-86.10438">
        <ele>185.2</ele>
      </trkpt>
      <trkpt lat="42.79032" lon="-86.10437">
        <ele>184.6</ele>
      </trkpt>
      <trkpt lat="42.79079" lon="-86.10437">
        <ele>183.7</ele>
      </trkpt>
      <trkpt lat="42.79096" lon="-86.10437">
        <ele>183.4</ele>
      </trkpt>
      <trkpt lat="42.79096" lon="-86.10437">
        <ele>183.4</ele>
      </trkpt>
      <trkpt lat="42.79121" lon="-86.10438">
        <ele>183.1</ele>
      </trkpt>
      <trkpt lat="42.79121" lon="-86.10438">
        <ele>183.1</ele>
      </trkpt>
      <trkpt lat="42.79121" lon="-86.10521">
        <ele>183.5</ele>
      </trkpt>
      <trkpt lat="42.7912" lon="-86.10546">
        <ele>183.7</ele>
      </trkpt>
      <trkpt lat="42.7912" lon="-86.10585">
        <ele>183.7</ele>
      </trkpt>
      <trkpt lat="42.7912" lon="-86.10598">
        <ele>183.7</ele>
      </trkpt>
      <trkpt lat="42.7912" lon="-86.10612">
        <ele>183.7</ele>
      </trkpt>
      <trkpt lat="42.7912" lon="-86.1062">
        <ele>183.7</ele>
      </trkpt>
      <trkpt lat="42.7912" lon="-86.10644">
        <ele>183.7</ele>
      </trkpt>
      <trkpt lat="42.7912" lon="-86.1065">
        <ele>183.7</ele>
      </trkpt>
      <trkpt lat="42.79119" lon="-86.10718">
        <ele>183.7</ele>
      </trkpt>
      <trkpt lat="42.79119" lon="-86.10747">
        <ele>183.7</ele>
      </trkpt>
      <trkpt lat="42.79119" lon="-86.10747">
        <ele>183.7</ele>
      </trkpt>
      <trkpt lat="42.79119" lon="-86.1075">
        <ele>183.7</ele>
      </trkpt>
      <trkpt lat="42.79119" lon="-86.1081">
        <ele>183.4</ele>
      </trkpt>
      <trkpt lat="42.79119" lon="-86.10815">
        <ele>183.4</ele>
      </trkpt>
      <trkpt lat="42.79119" lon="-86.10873">
        <ele>183.3</ele>
      </trkpt>
      <trkpt lat="42.79119" lon="-86.10898">
        <ele>183.1</ele>
      </trkpt>
      <trkpt lat="42.79119" lon="-86.10932">
        <ele>182.9</ele>
      </trkpt>
      <trkpt lat="42.79119" lon="-86.10962">
        <ele>182.8</ele>
      </trkpt>
      <trkpt lat="42.79118" lon="-86.10992">
        <ele>182.5</ele>
      </trkpt>
      <trkpt lat="42.79118" lon="-86.11065">
        <ele>181.6</ele>
      </trkpt>
      <trkpt lat="42.79117" lon="-86.11079">
        <ele>181.3</ele>
      </trkpt>
      <trkpt lat="42.79117" lon="-86.11114">
        <ele>180.4</ele>
      </trkpt>
      <trkpt lat="42.79117" lon="-86.11122">
        <ele>180.2</ele>
      </trkpt>
      <trkpt lat="42.79117" lon="-86.11128">
        <ele>180.1</ele>
      </trkpt>
      <trkpt lat="42.79117" lon="-86.11152">
        <ele>179.7</ele>
      </trkpt>
      <trkpt lat="42.79116" lon="-86.11201">
        <ele>179.7</ele>
      </trkpt>
      <trkpt lat="42.7911" lon="-86.1128">
        <ele>179.5</ele>
      </trkpt>
      <trkpt lat="42.79105" lon="-86.11347">
        <ele>179.4</ele>
      </trkpt>
      <trkpt lat="42.79103" lon="-86.11373">
        <ele>179.4</ele>
      </trkpt>
      <trkpt lat="42.79103" lon="-86.11381">
        <ele>179.4</ele>
      </trkpt>
      <trkpt lat="42.791" lon="-86.11396">
        <ele>179.4</ele>
      </trkpt>
      <trkpt lat="42.79096" lon="-86.11412">
        <ele>179.4</ele>
      </trkpt>
      <trkpt lat="42.79091" lon="-86.11429">
        <ele>179.4</ele>
      </trkpt>
      <trkpt lat="42.79085" lon="-86.1144">
        <ele>179.5</ele>
      </trkpt>
      <trkpt lat="42.79083" lon="-86.11443">
        <ele>179.5</ele>
      </trkpt>
      <trkpt lat="42.79065" lon="-86.11457">
        <ele>180.8</ele>
      </trkpt>
      <trkpt lat="42.79065" lon="-86.11458">
        <ele>180.8</ele>
      </trkpt>
      <trkpt lat="42.79054" lon="-86.11465">
        <ele>181.9</ele>
      </trkpt>
      <trkpt lat="42.7904" lon="-86.11472">
        <ele>182.6</ele>
      </trkpt>
      <trkpt lat="42.79023" lon="-86.11477">
        <ele>182.8</ele>
      </trkpt>
      <trkpt lat="42.79023" lon="-86.11477">
        <ele>182.8</ele>
      </trkpt>
      <trkpt lat="42.78954" lon="-86.11475">
        <ele>183.2</ele>
      </trkpt>
      <trkpt lat="42.7893" lon="-86.11474">
        <ele>183.2</ele>
      </trkpt>
      <trkpt lat="42.78876" lon="-86.11475">
        <ele>183.1</ele>
      </trkpt>
      <trkpt lat="42.78873" lon="-86.11476">
        <ele>183.1</ele>
      </trkpt>
      <trkpt lat="42.7884" lon="-86.11476">
        <ele>183.6</ele>
      </trkpt>
      <trkpt lat="42.78832" lon="-86.11476">
        <ele>183.7</ele>
      </trkpt>
      <trkpt lat="42.78832" lon="-86.11476">
        <ele>183.7</ele>
      </trkpt>
      <trkpt lat="42.78793" lon="-86.11475">
        <ele>184.0</ele>
      </trkpt>
      <trkpt lat="42.7875" lon="-86.11475">
        <ele>184.4</ele>
      </trkpt>
      <trkpt lat="42.78743" lon="-86.11475">
        <ele>184.5</ele>
      </trkpt>
      <trkpt lat="42.7871" lon="-86.11476">
        <ele>184.8</ele>
      </trkpt>
      <trkpt lat="42.78659" lon="-86.11478">
        <ele>185.1</ele>
      </trkpt>
      <trkpt lat="42.78602" lon="-86.11475">
        <ele>185.4</ele>
      </trkpt>
      <trkpt lat="42.78568" lon="-86.11474">
        <ele>185.8</ele>
      </trkpt>
      <trkpt lat="42.78532" lon="-86.11475">
        <ele>185.8</ele>
      </trkpt>
      <trkpt lat="42.78477" lon="-86.11476">
        <ele>186.1</ele>
      </trkpt>
      <trkpt lat="42.78387" lon="-86.11475">
        <ele>186.3</ele>
      </trkpt>
      <trkpt lat="42.78299" lon="-86.11476">
        <ele>186.4</ele>
      </trkpt>
      <trkpt lat="42.78208" lon="-86.11476">
        <ele>186.7</ele>
      </trkpt>
      <trkpt lat="42.78163" lon="-86.11476">
        <ele>186.7</ele>
      </trkpt>
      <trkpt lat="42.78117" lon="-86.11476">
        <ele>186.7</ele>
      </trkpt>
      <trkpt lat="42.78071" lon="-86.11475">
        <ele>186.7</ele>
      </trkpt>
      <trkpt lat="42.78026" lon="-86.11474">
        <ele>187.0</ele>
      </trkpt>
      <trkpt lat="42.7798" lon="-86.11473">
        <ele>187.2</ele>
      </trkpt>
      <trkpt lat="42.77936" lon="-86.11471">
        <ele>187.3</ele>
      </trkpt>
      <trkpt lat="42.7786" lon="-86.11473">
        <ele>187.6</ele>
      </trkpt>
      <trkpt lat="42.77844" lon="-86.11473">
        <ele>187.8</ele>
      </trkpt>
      <trkpt lat="42.77755" lon="-86.11473">
        <ele>187.9</ele>
      </trkpt>
      <trkpt lat="42.77755" lon="-86.11473">
        <ele>187.9</ele>
      </trkpt>
      <trkpt lat="42.77754" lon="-86.11595">
        <ele>187.8</ele>
      </trkpt>
      <trkpt lat="42.77754" lon="-86.11595">
        <ele>187.8</ele>
      </trkpt>
      <trkpt lat="42.77753" lon="-86.11692">
        <ele>187.6</ele>
      </trkpt>
      <trkpt lat="42.77753" lon="-86.11692">
        <ele>187.6</ele>
      </trkpt>
      <trkpt lat="42.7772" lon="-86.11692">
        <ele>187.7</ele>
      </trkpt>
      <trkpt lat="42.77663" lon="-86.11691">
        <ele>188.1</ele>
      </trkpt>
      <trkpt lat="42.77573" lon="-86.11691">
        <ele>188.2</ele>
      </trkpt>
      <trkpt lat="42.77537" lon="-86.11691">
        <ele>188.5</ele>
      </trkpt>
      <trkpt lat="42.77482" lon="-86.1169">
        <ele>188.6</ele>
      </trkpt>
      <trkpt lat="42.77392" lon="-86.1169">
        <ele>190.1</ele>
      </trkpt>
      <trkpt lat="42.77301" lon="-86.11689">
        <ele>191.7</ele>
      </trkpt>
      <trkpt lat="42.77213" lon="-86.1169">
        <ele>191.9</ele>
      </trkpt>
      <trkpt lat="42.77213" lon="-86.1169">
        <ele>191.9</ele>
      </trkpt>
      <trkpt lat="42.77211" lon="-86.1179">
        <ele>192.2</ele>
      </trkpt>
      <trkpt lat="42.77211" lon="-86.1179">
        <ele>192.2</ele>
      </trkpt>
      <trkpt lat="42.77209" lon="-86.12017">
        <ele>192.2</ele>
      </trkpt>
      <trkpt lat="42.77208" lon="-86.12187">
        <ele>192.2</ele>
      </trkpt>
      <trkpt lat="42.77208" lon="-86.12285">
        <ele>191.9</ele>
      </trkpt>
      <trkpt lat="42.77204" lon="-86.12338">
        <ele>191.4</ele>
      </trkpt>
      <trkpt lat="42.77205" lon="-86.12394">
        <ele>189.5</ele>
      </trkpt>
      <trkpt lat="42.77206" lon="-86.12506">
        <ele>189.3</ele>
      </trkpt>
      <trkpt lat="42.77206" lon="-86.12541">
        <ele>189.3</ele>
      </trkpt>
      <trkpt lat="42.77205" lon="-86.12674">
        <ele>189.2</ele>
      </trkpt>
      <trkpt lat="42.77205" lon="-86.12674">
        <ele>189.2</ele>
      </trkpt>
      <trkpt lat="42.77167" lon="-86.12674">
        <ele>190.7</ele>
      </trkpt>
      <trkpt lat="42.77149" lon="-86.12675">
        <ele>191.3</ele>
      </trkpt>
      <trkpt lat="42.77125" lon="-86.12675">
        <ele>191.8</ele>
      </trkpt>
      <trkpt lat="42.77125" lon="-86.12675">
        <ele>191.8</ele>
      </trkpt>
      <trkpt lat="42.77113" lon="-86.12675">
        <ele>191.9</ele>
      </trkpt>
      <trkpt lat="42.77023" lon="-86.12674">
        <ele>192.0</ele>
      </trkpt>
      <trkpt lat="42.76998" lon="-86.12673">
        <ele>192.1</ele>
      </trkpt>
      <trkpt lat="42.76932" lon="-86.1267">
        <ele>192.4</ele>
      </trkpt>
      <trkpt lat="42.76899" lon="-86.1267">
        <ele>192.8</ele>
      </trkpt>
      <trkpt lat="42.76853" lon="-86.12669">
        <ele>193.1</ele>
      </trkpt>
      <trkpt lat="42.76853" lon="-86.12669">
        <ele>193.1</ele>
      </trkpt>
      <trkpt lat="42.76853" lon="-86.12841">
        <ele>193.4</ele>
      </trkpt>
      <trkpt lat="42.76853" lon="-86.12963">
        <ele>193.2</ele>
      </trkpt>
      <trkpt lat="42.76853" lon="-86.13026">
        <ele>193.1</ele>
      </trkpt>
      <trkpt lat="42.76853" lon="-86.13043">
        <ele>193.1</ele>
      </trkpt>
      <trkpt lat="42.76851" lon="-86.13125">
        <ele>192.0</ele>
      </trkpt>
      <trkpt lat="42.76851" lon="-86.13135">
        <ele>191.9</ele>
      </trkpt>
      <trkpt lat="42.76848" lon="-86.13248">
        <ele>192.1</ele>
      </trkpt>
      <trkpt lat="42.76847" lon="-86.13292">
        <ele>191.9</ele>
      </trkpt>
      <trkpt lat="42.76846" lon="-86.13346">
        <ele>190.9</ele>
      </trkpt>
      <trkpt lat="42.76844" lon="-86.13444">
        <ele>189.2</ele>
      </trkpt>
      <trkpt lat="42.76844" lon="-86.13447">
        <ele>189.1</ele>
      </trkpt>
      <trkpt lat="42.76844" lon="-86.13468">
        <ele>188.9</ele>
      </trkpt>
      <trkpt lat="42.76844" lon="-86.13591">
        <ele>191.0</ele>
      </trkpt>
      <trkpt lat="42.76845" lon="-86.1366">
        <ele>190.3</ele>
      </trkpt>
      <trkpt lat="42.76845" lon="-86.13694">
        <ele>189.4</ele>
      </trkpt>
      <trkpt lat="42.76845" lon="-86.13704">
        <ele>189.2</ele>
      </trkpt>
      <trkpt lat="42.76845" lon="-86.13704">
        <ele>189.2</ele>
      </trkpt>
      <trkpt lat="42.76834" lon="-86.13705">
        <ele>189.0</ele>
      </trkpt>
      <trkpt lat="42.7675" lon="-86.13703">
        <ele>191.4</ele>
      </trkpt>
      <trkpt lat="42.76733" lon="-86.13703">
        <ele>191.7</ele>
      </trkpt>
      <trkpt lat="42.76733" lon="-86.13703">
        <ele>191.7</ele>
      </trkpt>
      <trkpt lat="42.76733" lon="-86.13703">
        <ele>191.7</ele>
      </trkpt>
      <trkpt lat="42.76717" lon="-86.13703">
        <ele>191.7</ele>
      </trkpt>
      <trkpt lat="42.76647" lon="-86.13702">
        <ele>192.8</ele>
      </trkpt>
      <trkpt lat="42.76593" lon="-86.137">
        <ele>194.5</ele>
      </trkpt>
      <trkpt lat="42.76583" lon="-86.137">
        <ele>194.5</ele>
      </trkpt>
      <trkpt lat="42.76541" lon="-86.137">
        <ele>194.7</ele>
      </trkpt>
      <trkpt lat="42.76538" lon="-86.13699">
        <ele>194.8</ele>
      </trkpt>
      <trkpt lat="42.76484" lon="-86.13699">
        <ele>195.4</ele>
      </trkpt>
      <trkpt lat="42.76456" lon="-86.13699">
        <ele>196.1</ele>
      </trkpt>
      <trkpt lat="42.76402" lon="-86.13699">
        <ele>196.9</ele>
      </trkpt>
      <trkpt lat="42.7639" lon="-86.13697">
        <ele>197.1</ele>
      </trkpt>
      <trkpt lat="42.76358" lon="-86.13696">
        <ele>197.5</ele>
      </trkpt>
      <trkpt lat="42.76323" lon="-86.13695">
        <ele>198.3</ele>
      </trkpt>
      <trkpt lat="42.76208" lon="-86.13692">
        <ele>200.9</ele>
      </trkpt>
      <trkpt lat="42.76152" lon="-86.13691">
        <ele>201.9</ele>
      </trkpt>
      <trkpt lat="42.76139" lon="-86.13691">
        <ele>202.2</ele>
      </trkpt>
      <trkpt lat="42.75961" lon="-86.13687">
        <ele>206.9</ele>
      </trkpt>
      <trkpt lat="42.75925" lon="-86.13686">
        <ele>206.7</ele>
      </trkpt>
      <trkpt lat="42.75907" lon="-86.13685">
        <ele>206.7</ele>
      </trkpt>
      <trkpt lat="42.75889" lon="-86.13684">
        <ele>206.6</ele>
      </trkpt>
      <trkpt lat="42.75831" lon="-86.13682">
        <ele>206.5</ele>
      </trkpt>
      <trkpt lat="42.75795" lon="-86.13681">
        <ele>206.7</ele>
      </trkpt>
      <trkpt lat="42.7578" lon="-86.1368">
        <ele>207.1</ele>
      </trkpt>
      <trkpt lat="42.75777" lon="-86.1368">
        <ele>207.2</ele>
      </trkpt>
      <trkpt lat="42.75762" lon="-86.1368">
        <ele>207.7</ele>
      </trkpt>
      <trkpt lat="42.75759" lon="-86.1368">
        <ele>207.7</ele>
      </trkpt>
      <trkpt lat="42.75717" lon="-86.13678">
        <ele>209.3</ele>
      </trkpt>
      <trkpt lat="42.75681" lon="-86.13677">
        <ele>210.4</ele>
      </trkpt>
      <trkpt lat="42.75663" lon="-86.13676">
        <ele>210.8</ele>
      </trkpt>
      <trkpt lat="42.75645" lon="-86.13676">
        <ele>211.2</ele>
      </trkpt>
      <trkpt lat="42.75609" lon="-86.13674">
        <ele>212.4</ele>
      </trkpt>
      <trkpt lat="42.75591" lon="-86.13674">
        <ele>213.2</ele>
      </trkpt>
      <trkpt lat="42.75573" lon="-86.13673">
        <ele>213.8</ele>
      </trkpt>
      <trkpt lat="42.75505" lon="-86.1367">
        <ele>215.3</ele>
      </trkpt>
      <trkpt lat="42.75501" lon="-86.1367">
        <ele>215.4</ele>
      </trkpt>
      <trkpt lat="42.75411" lon="-86.13667">
        <ele>218.0</ele>
      </trkpt>
      <trkpt lat="42.75411" lon="-86.13667">
        <ele>218.0</ele>
      </trkpt>
      <trkpt lat="42.75409" lon="-86.1368">
        <ele>218.0</ele>
      </trkpt>
      <trkpt lat="42.75409" lon="-86.13686">
        <ele>218.0</ele>
      </trkpt>
      <trkpt lat="42.75409" lon="-86.1371">
        <ele>217.8</ele>
      </trkpt>
      <trkpt lat="42.75409" lon="-86.13715">
        <ele>217.7</ele>
      </trkpt>
      <trkpt lat="42.75409" lon="-86.1372">
        <ele>217.7</ele>
      </trkpt>
      <trkpt lat="42.75409" lon="-86.13762">
        <ele>217.0</ele>
      </trkpt>
      <trkpt lat="42.75409" lon="-86.13814">
        <ele>216.2</ele>
      </trkpt>
      <trkpt lat="42.75409" lon="-86.13833">
        <ele>215.9</ele>
      </trkpt>
      <trkpt lat="42.7541" lon="-86.13882">
        <ele>215.1</ele>
      </trkpt>
      <trkpt lat="42.7541" lon="-86.13887">
        <ele>215.0</ele>
      </trkpt>
      <trkpt lat="42.7541" lon="-86.13892">
        <ele>215.0</ele>
      </trkpt>
      <trkpt lat="42.7541" lon="-86.13906">
        <ele>214.8</ele>
      </trkpt>
      <trkpt lat="42.7541" lon="-86.13924">
        <ele>214.7</ele>
      </trkpt>
      <trkpt lat="42.75412" lon="-86.14053">
        <ele>213.3</ele>
      </trkpt>
      <trkpt lat="42.75412" lon="-86.14058">
        <ele>213.3</ele>
      </trkpt>
      <trkpt lat="42.75412" lon="-86.14064">
        <ele>213.2</ele>
      </trkpt>
      <trkpt lat="42.75413" lon="-86.14176">
        <ele>213.9</ele>
      </trkpt>
      <trkpt lat="42.75414" lon="-86.14186">
        <ele>213.9</ele>
      </trkpt>
      <trkpt lat="42.75414" lon="-86.142">
        <ele>213.9</ele>
      </trkpt>
      <trkpt lat="42.75414" lon="-86.14203">
        <ele>213.9</ele>
      </trkpt>
      <trkpt lat="42.75414" lon="-86.14211">
        <ele>213.9</ele>
      </trkpt>
      <trkpt lat="42.75414" lon="-86.14224">
        <ele>213.8</ele>
      </trkpt>
      <trkpt lat="42.75415" lon="-86.14284">
        <ele>213.4</ele>
      </trkpt>
      <trkpt lat="42.75415" lon="-86.14322">
        <ele>212.7</ele>
      </trkpt>
      <trkpt lat="42.75415" lon="-86.14347">
        <ele>211.9</ele>
      </trkpt>
      <trkpt lat="42.75416" lon="-86.14369">
        <ele>211.4</ele>
      </trkpt>
      <trkpt lat="42.75417" lon="-86.14469">
        <ele>211.6</ele>
      </trkpt>
      <trkpt lat="42.75417" lon="-86.1448">
        <ele>211.5</ele>
      </trkpt>
      <trkpt lat="42.75418" lon="-86.14534">
        <ele>210.7</ele>
      </trkpt>
      <trkpt lat="42.75418" lon="-86.14567">
        <ele>210.2</ele>
      </trkpt>
      <trkpt lat="42.75419" lon="-86.14665">
        <ele>208.9</ele>
      </trkpt>
      <trkpt lat="42.75419" lon="-86.14739">
        <ele>207.3</ele>
      </trkpt>
      <trkpt lat="42.75419" lon="-86.14763">
        <ele>207.1</ele>
      </trkpt>
      <trkpt lat="42.75419" lon="-86.14771">
        <ele>207.1</ele>
      </trkpt>
      <trkpt lat="42.7542" lon="-86.14868">
        <ele>207.1</ele>
      </trkpt>
      <trkpt lat="42.7542" lon="-86.1488">
        <ele>207.0</ele>
      </trkpt>
      <trkpt lat="42.7542" lon="-86.15076">
        <ele>206.1</ele>
      </trkpt>
      <trkpt lat="42.7542" lon="-86.15114">
        <ele>206.0</ele>
      </trkpt>
      <trkpt lat="42.7542" lon="-86.15321">
        <ele>205.2</ele>
      </trkpt>
      <trkpt lat="42.7542" lon="-86.15346">
        <ele>205.0</ele>
      </trkpt>
      <trkpt lat="42.7542" lon="-86.1537">
        <ele>204.8</ele>
      </trkpt>
      <trkpt lat="42.7542" lon="-86.15444">
        <ele>204.3</ele>
      </trkpt>
      <trkpt lat="42.75421" lon="-86.15566">
        <ele>203.5</ele>
      </trkpt>
      <trkpt lat="42.75421" lon="-86.15607">
        <ele>203.3</ele>
      </trkpt>
      <trkpt lat="42.75421" lon="-86.15647">
        <ele>202.5</ele>
      </trkpt>
      <trkpt lat="42.75421" lon="-86.15667">
        <ele>202.2</ele>
      </trkpt>
      <trkpt lat="42.75421" lon="-86.15788">
        <ele>202.1</ele>
      </trkpt>
      <trkpt lat="42.75419" lon="-86.15942">
        <ele>201.8</ele>
      </trkpt>
      <trkpt lat="42.75419" lon="-86.16013">
        <ele>201.2</ele>
      </trkpt>
      <trkpt lat="42.75418" lon="-86.16149">
        <ele>199.2</ele>
      </trkpt>
      <trkpt lat="42.75417" lon="-86.16343">
        <ele>196.6</ele>
      </trkpt>
      <trkpt lat="42.75416" lon="-86.16412">
        <ele>195.5</ele>
      </trkpt>
      <trkpt lat="42.75416" lon="-86.16453">
        <ele>195.2</ele>
      </trkpt>
      <trkpt lat="42.75416" lon="-86.16483">
        <ele>195.2</ele>
      </trkpt>
      <trkpt lat="42.75415" lon="-86.16619">
        <ele>195.1</ele>
      </trkpt>
      <trkpt lat="42.75415" lon="-86.16672">
        <ele>195.3</ele>
      </trkpt>
      <trkpt lat="42.75415" lon="-86.16721">
        <ele>195.5</ele>
      </trkpt>
      <trkpt lat="42.75415" lon="-86.16792">
        <ele>194.9</ele>
      </trkpt>
      <trkpt lat="42.75415" lon="-86.16841">
        <ele>194.9</ele>
      </trkpt>
      <trkpt lat="42.75415" lon="-86.16914">
        <ele>196.0</ele>
      </trkpt>
      <trkpt lat="42.75415" lon="-86.16987">
        <ele>196.2</ele>
      </trkpt>
      <trkpt lat="42.75415" lon="-86.17012">
        <ele>196.1</ele>
      </trkpt>
      <trkpt lat="42.75416" lon="-86.17062">
        <ele>195.9</ele>
      </trkpt>
      <trkpt lat="42.75415" lon="-86.17132">
        <ele>195.4</ele>
      </trkpt>
      <trkpt lat="42.75415" lon="-86.17186">
        <ele>194.9</ele>
      </trkpt>
      <trkpt lat="42.75416" lon="-86.17291">
        <ele>194.3</ele>
      </trkpt>
      <trkpt lat="42.75416" lon="-86.17364">
        <ele>194.1</ele>
      </trkpt>
      <trkpt lat="42.75416" lon="-86.1741">
        <ele>193.5</ele>
      </trkpt>
      <trkpt lat="42.75417" lon="-86.17507">
        <ele>193.0</ele>
      </trkpt>
      <trkpt lat="42.75417" lon="-86.17654">
        <ele>192.8</ele>
      </trkpt>
      <trkpt lat="42.75416" lon="-86.17836">
        <ele>191.9</ele>
      </trkpt>
      <trkpt lat="42.75416" lon="-86.17897">
        <ele>193.1</ele>
      </trkpt>
      <trkpt lat="42.75416" lon="-86.17897">
        <ele>193.1</ele>
      </trkpt>
      <trkpt lat="42.75415" lon="-86.17955">
        <ele>192.0</ele>
      </trkpt>
      <trkpt lat="42.75414" lon="-86.18097">
        <ele>191.7</ele>
      </trkpt>
      <trkpt lat="42.75413" lon="-86.18293">
        <ele>191.0</ele>
      </trkpt>
      <trkpt lat="42.75412" lon="-86.18435">
        <ele>191.4</ele>
      </trkpt>
      <trkpt lat="42.75412" lon="-86.18568">
        <ele>190.8</ele>
      </trkpt>
      <trkpt lat="42.75412" lon="-86.18597">
        <ele>190.8</ele>
      </trkpt>
      <trkpt lat="42.75412" lon="-86.18602">
        <ele>190.8</ele>
      </trkpt>
      <trkpt lat="42.75411" lon="-86.18621">
        <ele>191.0</ele>
      </trkpt>
      <trkpt lat="42.7541" lon="-86.18788">
        <ele>191.9</ele>
      </trkpt>
      <trkpt lat="42.7541" lon="-86.18817">
        <ele>191.9</ele>
      </trkpt>
      <trkpt lat="42.7541" lon="-86.18822">
        <ele>191.9</ele>
      </trkpt>
      <trkpt lat="42.7541" lon="-86.18964">
        <ele>191.0</ele>
      </trkpt>
      <trkpt lat="42.75409" lon="-86.19043">
        <ele>190.7</ele>
      </trkpt>
      <trkpt lat="42.75409" lon="-86.19096">
        <ele>190.0</ele>
      </trkpt>
      <trkpt lat="42.75409" lon="-86.19263">
        <ele>188.8</ele>
      </trkpt>
      <trkpt lat="42.75408" lon="-86.19505">
        <ele>188.0</ele>
      </trkpt>
      <trkpt lat="42.75408" lon="-86.19516">
        <ele>188.1</ele>
      </trkpt>
      <trkpt lat="42.75408" lon="-86.1953">
        <ele>188.1</ele>
      </trkpt>
      <trkpt lat="42.75408" lon="-86.19573">
        <ele>187.9</ele>
      </trkpt>
      <trkpt lat="42.75408" lon="-86.19603">
        <ele>187.6</ele>
      </trkpt>
      <trkpt lat="42.75408" lon="-86.19603">
        <ele>187.6</ele>
      </trkpt>
      <trkpt lat="42.75173" lon="-86.19594">
        <ele>188.5</ele>
      </trkpt>
      <trkpt lat="42.75151" lon="-86.19593">
        <ele>188.1</ele>
      </trkpt>
      <trkpt lat="42.75151" lon="-86.19593">
        <ele>188.1</ele>
      </trkpt>
      <trkpt lat="42.75137" lon="-86.19592">
        <ele>187.7</ele>
      </trkpt>
      <trkpt lat="42.75029" lon="-86.19588">
        <ele>185.2</ele>
      </trkpt>
      <trkpt lat="42.75011" lon="-86.19587">
        <ele>185.2</ele>
      </trkpt>
      <trkpt lat="42.74939" lon="-86.19584">
        <ele>185.1</ele>
      </trkpt>
      <trkpt lat="42.74834" lon="-86.1958">
        <ele>185.1</ele>
      </trkpt>
      <trkpt lat="42.74816" lon="-86.19579">
        <ele>185.1</ele>
      </trkpt>
      <trkpt lat="42.7469" lon="-86.19575">
        <ele>187.5</ele>
      </trkpt>
      <trkpt lat="42.74565" lon="-86.1957">
        <ele>188.4</ele>
      </trkpt>
      <trkpt lat="42.74505" lon="-86.19568">
        <ele>188.2</ele>
      </trkpt>
      <trkpt lat="42.74472" lon="-86.19567">
        <ele>188.3</ele>
      </trkpt>
      <trkpt lat="42.74454" lon="-86.19566">
        <ele>188.2</ele>
      </trkpt>
      <trkpt lat="42.74418" lon="-86.19565">
        <ele>188.2</ele>
      </trkpt>
      <trkpt lat="42.74364" lon="-86.19563">
        <ele>187.9</ele>
      </trkpt>
      <trkpt lat="42.7431" lon="-86.19561">
        <ele>187.9</ele>
      </trkpt>
      <trkpt lat="42.74189" lon="-86.19557">
        <ele>189.2</ele>
      </trkpt>
      <trkpt lat="42.74171" lon="-86.19556">
        <ele>189.0</ele>
      </trkpt>
      <trkpt lat="42.74153" lon="-86.19555">
        <ele>189.1</ele>
      </trkpt>
      <trkpt lat="42.74135" lon="-86.19555">
        <ele>189.3</ele>
      </trkpt>
      <trkpt lat="42.74117" lon="-86.19554">
        <ele>189.3</ele>
      </trkpt>
      <trkpt lat="42.74081" lon="-86.19553">
        <ele>189.3</ele>
      </trkpt>
      <trkpt lat="42.74063" lon="-86.19552">
        <ele>189.1</ele>
      </trkpt>
      <trkpt lat="42.7401" lon="-86.1955">
        <ele>189.1</ele>
      </trkpt>
      <trkpt lat="42.73992" lon="-86.1955">
        <ele>189.1</ele>
      </trkpt>
      <trkpt lat="42.73974" lon="-86.19549">
        <ele>189.0</ele>
      </trkpt>
      <trkpt lat="42.73956" lon="-86.19548">
        <ele>189.0</ele>
      </trkpt>
      <trkpt lat="42.73929" lon="-86.19547">
        <ele>188.7</ele>
      </trkpt>
      <trkpt lat="42.73897" lon="-86.19547">
        <ele>188.4</ele>
      </trkpt>
      <trkpt lat="42.73871" lon="-86.19547">
        <ele>188.5</ele>
      </trkpt>
      <trkpt lat="42.7383" lon="-86.19546">
        <ele>188.0</ele>
      </trkpt>
      <trkpt lat="42.73812" lon="-86.19546">
        <ele>188.0</ele>
      </trkpt>
      <trkpt lat="42.73802" lon="-86.19546">
        <ele>187.9</ele>
      </trkpt>
      <trkpt lat="42.73794" lon="-86.19546">
        <ele>187.9</ele>
      </trkpt>
      <trkpt lat="42.7374" lon="-86.19545">
        <ele>188.6</ele>
      </trkpt>
      <trkpt lat="42.73676" lon="-86.19544">
        <ele>189.2</ele>
      </trkpt>
      <trkpt lat="42.7355" lon="-86.19544">
        <ele>188.9</ele>
      </trkpt>
      <trkpt lat="42.73547" lon="-86.19544">
        <ele>188.9</ele>
      </trkpt>
      <trkpt lat="42.73544" lon="-86.19545">
        <ele>188.9</ele>
      </trkpt>
      <trkpt lat="42.7354" lon="-86.19547">
        <ele>188.9</ele>
      </trkpt>
      <trkpt lat="42.73536" lon="-86.19549">
        <ele>188.9</ele>
      </trkpt>
      <trkpt lat="42.73531" lon="-86.19552">
        <ele>188.9</ele>
      </trkpt>
      <trkpt lat="42.73528" lon="-86.19555">
        <ele>188.9</ele>
      </trkpt>
      <trkpt lat="42.73525" lon="-86.19557">
        <ele>188.8</ele>
      </trkpt>
      <trkpt lat="42.73522" lon="-86.19561">
        <ele>188.8</ele>
      </trkpt>
      <trkpt lat="42.73519" lon="-86.19564">
        <ele>188.8</ele>
      </trkpt>
      <trkpt lat="42.73517" lon="-86.19568">
        <ele>188.8</ele>
      </trkpt>
      <trkpt lat="42.73516" lon="-86.1957">
        <ele>188.8</ele>
      </trkpt>
      <trkpt lat="42.73514" lon="-86.19574">
        <ele>188.8</ele>
      </trkpt>
      <trkpt lat="42.73511" lon="-86.19582">
        <ele>188.8</ele>
      </trkpt>
      <trkpt lat="42.73509" lon="-86.19585">
        <ele>188.8</ele>
      </trkpt>
      <trkpt lat="42.73508" lon="-86.19589">
        <ele>188.8</ele>
      </trkpt>
      <trkpt lat="42.73507" lon="-86.19594">
        <ele>188.8</ele>
      </trkpt>
      <trkpt lat="42.73505" lon="-86.19603">
        <ele>188.8</ele>
      </trkpt>
      <trkpt lat="42.73502" lon="-86.19623">
        <ele>188.8</ele>
      </trkpt>
      <trkpt lat="42.73498" lon="-86.19644">
        <ele>188.9</ele>
      </trkpt>
      <trkpt lat="42.73497" lon="-86.19652">
        <ele>189.0</ele>
      </trkpt>
      <trkpt lat="42.73496" lon="-86.19656">
        <ele>189.0</ele>
      </trkpt>
      <trkpt lat="42.73493" lon="-86.19677">
        <ele>189.2</ele>
      </trkpt>
      <trkpt lat="42.73491" lon="-86.19685">
        <ele>189.2</ele>
      </trkpt>
      <trkpt lat="42.73489" lon="-86.19694">
        <ele>189.1</ele>
      </trkpt>
      <trkpt lat="42.73487" lon="-86.19702">
        <ele>189.0</ele>
      </trkpt>
      <trkpt lat="42.73485" lon="-86.19713">
        <ele>189.0</ele>
      </trkpt>
      <trkpt lat="42.73482" lon="-86.1972">
        <ele>189.0</ele>
      </trkpt>
      <trkpt lat="42.73482" lon="-86.19723">
        <ele>189.0</ele>
      </trkpt>
      <trkpt lat="42.73479" lon="-86.1973">
        <ele>189.2</ele>
      </trkpt>
      <trkpt lat="42.73476" lon="-86.19738">
        <ele>189.4</ele>
      </trkpt>
      <trkpt lat="42.73473" lon="-86.19745">
        <ele>189.7</ele>
      </trkpt>
      <trkpt lat="42.7347" lon="-86.19751">
        <ele>189.9</ele>
      </trkpt>
      <trkpt lat="42.73465" lon="-86.19763">
        <ele>190.3</ele>
      </trkpt>
      <trkpt lat="42.73463" lon="-86.19765">
        <ele>190.3</ele>
      </trkpt>
      <trkpt lat="42.73452" lon="-86.19788">
        <ele>190.2</ele>
      </trkpt>
      <trkpt lat="42.73442" lon="-86.19808">
        <ele>190.5</ele>
      </trkpt>
      <trkpt lat="42.73437" lon="-86.19816">
        <ele>190.5</ele>
      </trkpt>
      <trkpt lat="42.73432" lon="-86.19825">
        <ele>190.6</ele>
      </trkpt>
      <trkpt lat="42.7343" lon="-86.1983">
        <ele>190.7</ele>
      </trkpt>
      <trkpt lat="42.73428" lon="-86.19833">
        <ele>190.7</ele>
      </trkpt>
      <trkpt lat="42.73426" lon="-86.19836">
        <ele>190.7</ele>
      </trkpt>
      <trkpt lat="42.73424" lon="-86.1984">
        <ele>190.7</ele>
      </trkpt>
      <trkpt lat="42.73422" lon="-86.19842">
        <ele>190.6</ele>
      </trkpt>
      <trkpt lat="42.73421" lon="-86.19844">
        <ele>190.7</ele>
      </trkpt>
      <trkpt lat="42.73419" lon="-86.19847">
        <ele>190.6</ele>
      </trkpt>
      <trkpt lat="42.73416" lon="-86.19851">
        <ele>190.4</ele>
      </trkpt>
      <trkpt lat="42.73413" lon="-86.19856">
        <ele>190.3</ele>
      </trkpt>
      <trkpt lat="42.7341" lon="-86.19858">
        <ele>190.0</ele>
      </trkpt>
      <trkpt lat="42.73407" lon="-86.19862">
        <ele>189.8</ele>
      </trkpt>
      <trkpt lat="42.73404" lon="-86.19866">
        <ele>189.8</ele>
      </trkpt>
      <trkpt lat="42.734" lon="-86.19869">
        <ele>189.8</ele>
      </trkpt>
      <trkpt lat="42.73396" lon="-86.19872">
        <ele>189.8</ele>
      </trkpt>
      <trkpt lat="42.73393" lon="-86.19875">
        <ele>189.8</ele>
      </trkpt>
      <trkpt lat="42.73392" lon="-86.19876">
        <ele>189.9</ele>
      </trkpt>
      <trkpt lat="42.73388" lon="-86.19879">
        <ele>189.9</ele>
      </trkpt>
      <trkpt lat="42.73382" lon="-86.19883">
        <ele>189.8</ele>
      </trkpt>
      <trkpt lat="42.73377" lon="-86.19886">
        <ele>189.7</ele>
      </trkpt>
      <trkpt lat="42.73372" lon="-86.19889">
        <ele>189.7</ele>
      </trkpt>
      <trkpt lat="42.73368" lon="-86.1989">
        <ele>189.6</ele>
      </trkpt>
      <trkpt lat="42.73364" lon="-86.19892">
        <ele>189.6</ele>
      </trkpt>
      <trkpt lat="42.7336" lon="-86.19893">
        <ele>189.6</ele>
      </trkpt>
      <trkpt lat="42.73359" lon="-86.19894">
        <ele>189.6</ele>
      </trkpt>
      <trkpt lat="42.73353" lon="-86.19896">
        <ele>189.6</ele>
      </trkpt>
      <trkpt lat="42.7335" lon="-86.19896">
        <ele>189.6</ele>
      </trkpt>
      <trkpt lat="42.73346" lon="-86.19897">
        <ele>189.7</ele>
      </trkpt>
      <trkpt lat="42.73344" lon="-86.19897">
        <ele>189.7</ele>
      </trkpt>
      <trkpt lat="42.73339" lon="-86.19898">
        <ele>189.8</ele>
      </trkpt>
      <trkpt lat="42.73336" lon="-86.19898">
        <ele>189.9</ele>
      </trkpt>
      <trkpt lat="42.73332" lon="-86.19898">
        <ele>189.9</ele>
      </trkpt>
      <trkpt lat="42.7333" lon="-86.19898">
        <ele>189.9</ele>
      </trkpt>
      <trkpt lat="42.73325" lon="-86.19898">
        <ele>190.0</ele>
      </trkpt>
      <trkpt lat="42.73324" lon="-86.19898">
        <ele>190.0</ele>
      </trkpt>
      <trkpt lat="42.73322" lon="-86.19897">
        <ele>189.9</ele>
      </trkpt>
      <trkpt lat="42.73318" lon="-86.19896">
        <ele>189.8</ele>
      </trkpt>
      <trkpt lat="42.73312" lon="-86.19895">
        <ele>189.8</ele>
      </trkpt>
      <trkpt lat="42.73307" lon="-86.19893">
        <ele>189.8</ele>
      </trkpt>
      <trkpt lat="42.733" lon="-86.1989">
        <ele>189.9</ele>
      </trkpt>
      <trkpt lat="42.73293" lon="-86.19886">
        <ele>189.9</ele>
      </trkpt>
      <trkpt lat="42.7329" lon="-86.19884">
        <ele>189.9</ele>
      </trkpt>
      <trkpt lat="42.73286" lon="-86.19881">
        <ele>189.8</ele>
      </trkpt>
      <trkpt lat="42.7328" lon="-86.19877">
        <ele>189.7</ele>
      </trkpt>
      <trkpt lat="42.73275" lon="-86.19872">
        <ele>189.3</ele>
      </trkpt>
      <trkpt lat="42.73267" lon="-86.19865">
        <ele>188.8</ele>
      </trkpt>
      <trkpt lat="42.7326" lon="-86.19857">
        <ele>188.0</ele>
      </trkpt>
      <trkpt lat="42.73233" lon="-86.19827">
        <ele>188.4</ele>
      </trkpt>
      <trkpt lat="42.73233" lon="-86.19826">
        <ele>188.3</ele>
      </trkpt>
      <trkpt lat="42.73226" lon="-86.19819">
        <ele>188.2</ele>
      </trkpt>
      <trkpt lat="42.73218" lon="-86.19812">
        <ele>188.2</ele>
      </trkpt>
      <trkpt lat="42.73217" lon="-86.19812">
        <ele>188.3</ele>
      </trkpt>
      <trkpt lat="42.73206" lon="-86.19804">
        <ele>188.9</ele>
      </trkpt>
      <trkpt lat="42.73202" lon="-86.19801">
        <ele>189.0</ele>
      </trkpt>
      <trkpt lat="42.73197" lon="-86.19799">
        <ele>189.2</ele>
      </trkpt>
      <trkpt lat="42.73194" lon="-86.19797">
        <ele>189.2</ele>
      </trkpt>
      <trkpt lat="42.73191" lon="-86.19796">
        <ele>189.2</ele>
      </trkpt>
      <trkpt lat="42.73184" lon="-86.19793">
        <ele>189.0</ele>
      </trkpt>
      <trkpt lat="42.73183" lon="-86.19793">
        <ele>189.0</ele>
      </trkpt>
      <trkpt lat="42.73174" lon="-86.1979">
        <ele>188.8</ele>
      </trkpt>
      <trkpt lat="42.73167" lon="-86.19788">
        <ele>188.7</ele>
      </trkpt>
      <trkpt lat="42.73157" lon="-86.19786">
        <ele>189.0</ele>
      </trkpt>
      <trkpt lat="42.73149" lon="-86.19785">
        <ele>189.5</ele>
      </trkpt>
      <trkpt lat="42.7314" lon="-86.19783">
        <ele>189.8</ele>
      </trkpt>
      <trkpt lat="42.73123" lon="-86.1978">
        <ele>190.1</ele>
      </trkpt>
      <trkpt lat="42.73111" lon="-86.19777">
        <ele>190.1</ele>
      </trkpt>
      <trkpt lat="42.73102" lon="-86.19775">
        <ele>190.1</ele>
      </trkpt>
      <trkpt lat="42.73095" lon="-86.19773">
        <ele>190.1</ele>
      </trkpt>
      <trkpt lat="42.73089" lon="-86.19771">
        <ele>190.1</ele>
      </trkpt>
      <trkpt lat="42.73085" lon="-86.19769">
        <ele>190.1</ele>
      </trkpt>
      <trkpt lat="42.73082" lon="-86.19767">
        <ele>190.0</ele>
      </trkpt>
      <trkpt lat="42.73079" lon="-86.19766">
        <ele>189.9</ele>
      </trkpt>
      <trkpt lat="42.73076" lon="-86.19764">
        <ele>189.8</ele>
      </trkpt>
      <trkpt lat="42.73072" lon="-86.19761">
        <ele>189.8</ele>
      </trkpt>
      <trkpt lat="42.7307" lon="-86.19759">
        <ele>189.8</ele>
      </trkpt>
      <trkpt lat="42.73068" lon="-86.19757">
        <ele>189.7</ele>
      </trkpt>
      <trkpt lat="42.73065" lon="-86.19754">
        <ele>189.7</ele>
      </trkpt>
      <trkpt lat="42.73064" lon="-86.19752">
        <ele>189.8</ele>
      </trkpt>
      <trkpt lat="42.73063" lon="-86.19752">
        <ele>190.0</ele>
      </trkpt>
      <trkpt lat="42.7306" lon="-86.19747">
        <ele>190.4</ele>
      </trkpt>
      <trkpt lat="42.73055" lon="-86.19738">
        <ele>191.0</ele>
      </trkpt>
      <trkpt lat="42.73052" lon="-86.19729">
        <ele>191.0</ele>
      </trkpt>
      <trkpt lat="42.7305" lon="-86.19723">
        <ele>190.9</ele>
      </trkpt>
      <trkpt lat="42.73047" lon="-86.19714">
        <ele>190.5</ele>
      </trkpt>
      <trkpt lat="42.73046" lon="-86.1971">
        <ele>190.2</ele>
      </trkpt>
      <trkpt lat="42.73045" lon="-86.19708">
        <ele>190.2</ele>
      </trkpt>
      <trkpt lat="42.73044" lon="-86.19701">
        <ele>189.8</ele>
      </trkpt>
      <trkpt lat="42.73044" lon="-86.19696">
        <ele>189.5</ele>
      </trkpt>
      <trkpt lat="42.73043" lon="-86.1969">
        <ele>189.5</ele>
      </trkpt>
      <trkpt lat="42.73043" lon="-86.19686">
        <ele>189.4</ele>
      </trkpt>
      <trkpt lat="42.73043" lon="-86.1968">
        <ele>189.4</ele>
      </trkpt>
      <trkpt lat="42.73043" lon="-86.19662">
        <ele>189.9</ele>
      </trkpt>
      <trkpt lat="42.73044" lon="-86.19647">
        <ele>190.2</ele>
      </trkpt>
      <trkpt lat="42.73044" lon="-86.19637">
        <ele>190.5</ele>
      </trkpt>
      <trkpt lat="42.73044" lon="-86.19632">
        <ele>190.6</ele>
      </trkpt>
      <trkpt lat="42.73044" lon="-86.19625">
        <ele>190.7</ele>
      </trkpt>
      <trkpt lat="42.73044" lon="-86.19619">
        <ele>190.8</ele>
      </trkpt>
      <trkpt lat="42.73043" lon="-86.19613">
        <ele>191.0</ele>
      </trkpt>
      <trkpt lat="42.73042" lon="-86.19608">
        <ele>191.3</ele>
      </trkpt>
      <trkpt lat="42.73042" lon="-86.19604">
        <ele>191.3</ele>
      </trkpt>
      <trkpt lat="42.73039" lon="-86.19596">
        <ele>192.0</ele>
      </trkpt>
      <trkpt lat="42.73037" lon="-86.1959">
        <ele>192.4</ele>
      </trkpt>
      <trkpt lat="42.73035" lon="-86.19586">
        <ele>192.9</ele>
      </trkpt>
      <trkpt lat="42.73033" lon="-86.19581">
        <ele>193.2</ele>
      </trkpt>
      <trkpt lat="42.7303" lon="-86.19575">
        <ele>193.6</ele>
      </trkpt>
      <trkpt lat="42.73027" lon="-86.19571">
        <ele>194.0</ele>
      </trkpt>
      <trkpt lat="42.73027" lon="-86.1957">
        <ele>193.9</ele>
      </trkpt>
      <trkpt lat="42.73024" lon="-86.19567">
        <ele>194.1</ele>
      </trkpt>
      <trkpt lat="42.73019" lon="-86.19561">
        <ele>194.1</ele>
      </trkpt>
      <trkpt lat="42.73016" lon="-86.19557">
        <ele>193.8</ele>
      </trkpt>
      <trkpt lat="42.73013" lon="-86.19554">
        <ele>193.6</ele>
      </trkpt>
      <trkpt lat="42.7301" lon="-86.19551">
        <ele>193.4</ele>
      </trkpt>
      <trkpt lat="42.73006" lon="-86.19548">
        <ele>193.1</ele>
      </trkpt>
      <trkpt lat="42.73001" lon="-86.19544">
        <ele>192.9</ele>
      </trkpt>
      <trkpt lat="42.72997" lon="-86.19542">
        <ele>192.8</ele>
      </trkpt>
      <trkpt lat="42.72989" lon="-86.19538">
        <ele>192.8</ele>
      </trkpt>
      <trkpt lat="42.72984" lon="-86.19537">
        <ele>192.9</ele>
      </trkpt>
      <trkpt lat="42.72981" lon="-86.19536">
        <ele>193.0</ele>
      </trkpt>
      <trkpt lat="42.7298" lon="-86.19536">
        <ele>193.0</ele>
      </trkpt>
      <trkpt lat="42.72977" lon="-86.19535">
        <ele>193.0</ele>
      </trkpt>
      <trkpt lat="42.72972" lon="-86.19535">
        <ele>193.0</ele>
      </trkpt>
      <trkpt lat="42.72962" lon="-86.19535">
        <ele>192.8</ele>
      </trkpt>
      <trkpt lat="42.72959" lon="-86.19534">
        <ele>192.8</ele>
      </trkpt>
      <trkpt lat="42.72854" lon="-86.19533">
        <ele>191.8</ele>
      </trkpt>
      <trkpt lat="42.72836" lon="-86.19532">
        <ele>191.7</ele>
      </trkpt>
      <trkpt lat="42.72746" lon="-86.19531">
        <ele>193.7</ele>
      </trkpt>
      <trkpt lat="42.72728" lon="-86.1953">
        <ele>194.4</ele>
      </trkpt>
      <trkpt lat="42.7271" lon="-86.1953">
        <ele>194.0</ele>
      </trkpt>
      <trkpt lat="42.72622" lon="-86.19529">
        <ele>190.8</ele>
      </trkpt>
      <trkpt lat="42.72555" lon="-86.19529">
        <ele>193.0</ele>
      </trkpt>
      <trkpt lat="42.725" lon="-86.19528">
        <ele>193.9</ele>
      </trkpt>
      <trkpt lat="42.72442" lon="-86.19528">
        <ele>191.4</ele>
      </trkpt>
      <trkpt lat="42.72424" lon="-86.19527">
        <ele>191.0</ele>
      </trkpt>
      <trkpt lat="42.72406" lon="-86.19527">
        <ele>190.5</ele>
      </trkpt>
      <trkpt lat="42.72388" lon="-86.19527">
        <ele>190.1</ele>
      </trkpt>
      <trkpt lat="42.72334" lon="-86.19526">
        <ele>191.0</ele>
      </trkpt>
      <trkpt lat="42.72316" lon="-86.19526">
        <ele>191.0</ele>
      </trkpt>
      <trkpt lat="42.72226" lon="-86.19525">
        <ele>188.8</ele>
      </trkpt>
      <trkpt lat="42.72066" lon="-86.19523">
        <ele>188.8</ele>
      </trkpt>
      <trkpt lat="42.71993" lon="-86.19522">
        <ele>189.7</ele>
      </trkpt>
      <trkpt lat="42.71879" lon="-86.19521">
        <ele>188.1</ele>
      </trkpt>
      <trkpt lat="42.71699" lon="-86.19517">
        <ele>185.7</ele>
      </trkpt>
      <trkpt lat="42.71681" lon="-86.19517">
        <ele>185.9</ele>
      </trkpt>
      <trkpt lat="42.71645" lon="-86.19516">
        <ele>185.6</ele>
      </trkpt>
      <trkpt lat="42.71627" lon="-86.19516">
        <ele>185.3</ele>
      </trkpt>
      <trkpt lat="42.71514" lon="-86.19514">
        <ele>185.6</ele>
      </trkpt>
      <trkpt lat="42.71411" lon="-86.19512">
        <ele>188.3</ele>
      </trkpt>
      <trkpt lat="42.7139" lon="-86.19512">
        <ele>188.5</ele>
      </trkpt>
      <trkpt lat="42.71304" lon="-86.19509">
        <ele>188.8</ele>
      </trkpt>
      <trkpt lat="42.7125" lon="-86.19506">
        <ele>189.1</ele>
      </trkpt>
      <trkpt lat="42.7107" lon="-86.19505">
        <ele>188.8</ele>
      </trkpt>
      <trkpt lat="42.7107" lon="-86.19505">
        <ele>188.8</ele>
      </trkpt>
      <trkpt lat="42.71061" lon="-86.19501">
        <ele>188.8</ele>
      </trkpt>
      <trkpt lat="42.71056" lon="-86.19497">
        <ele>188.8</ele>
      </trkpt>
      <trkpt lat="42.71052" lon="-86.19492">
        <ele>188.8</ele>
      </trkpt>
      <trkpt lat="42.7105" lon="-86.19483">
        <ele>188.9</ele>
      </trkpt>
      <trkpt lat="42.71049" lon="-86.19479">
        <ele>188.9</ele>
      </trkpt>
      <trkpt lat="42.71049" lon="-86.19476">
        <ele>189.0</ele>
      </trkpt>
      <trkpt lat="42.71048" lon="-86.19357">
        <ele>190.4</ele>
      </trkpt>
      <trkpt lat="42.71048" lon="-86.19332">
        <ele>190.5</ele>
      </trkpt>
      <trkpt lat="42.71048" lon="-86.19308">
        <ele>190.7</ele>
      </trkpt>
      <trkpt lat="42.71048" lon="-86.19283">
        <ele>190.8</ele>
      </trkpt>
      <trkpt lat="42.71048" lon="-86.19136">
        <ele>191.6</ele>
      </trkpt>
      <trkpt lat="42.71048" lon="-86.19112">
        <ele>191.8</ele>
      </trkpt>
      <trkpt lat="42.71048" lon="-86.19087">
        <ele>192.2</ele>
      </trkpt>
      <trkpt lat="42.71048" lon="-86.18989">
        <ele>192.0</ele>
      </trkpt>
      <trkpt lat="42.71048" lon="-86.18965">
        <ele>192.1</ele>
      </trkpt>
      <trkpt lat="42.71047" lon="-86.18946">
        <ele>192.3</ele>
      </trkpt>
      <trkpt lat="42.71047" lon="-86.18946">
        <ele>192.3</ele>
      </trkpt>
      <trkpt lat="42.71047" lon="-86.1894">
        <ele>192.4</ele>
      </trkpt>
      <trkpt lat="42.71047" lon="-86.18671">
        <ele>195.2</ele>
      </trkpt>
      <trkpt lat="42.71047" lon="-86.18647">
        <ele>195.4</ele>
      </trkpt>
      <trkpt lat="42.71047" lon="-86.18524">
        <ele>196.1</ele>
      </trkpt>
      <trkpt lat="42.71047" lon="-86.18524">
        <ele>196.1</ele>
      </trkpt>
      <trkpt lat="42.70811" lon="-86.18513">
        <ele>197.4</ele>
      </trkpt>
      <trkpt lat="42.70711" lon="-86.18508">
        <ele>197.9</ele>
      </trkpt>
      <trkpt lat="42.70567" lon="-86.18501">
        <ele>198.8</ele>
      </trkpt>
      <trkpt lat="42.70522" lon="-86.18499">
        <ele>198.8</ele>
      </trkpt>
      <trkpt lat="42.70495" lon="-86.18497">
        <ele>198.9</ele>
      </trkpt>
      <trkpt lat="42.70439" lon="-86.18496">
        <ele>199.3</ele>
      </trkpt>
      <trkpt lat="42.70385" lon="-86.18494">
        <ele>199.7</ele>
      </trkpt>
      <trkpt lat="42.70367" lon="-86.18494">
        <ele>200.1</ele>
      </trkpt>
      <trkpt lat="42.70349" lon="-86.18494">
        <ele>200.4</ele>
      </trkpt>
      <trkpt lat="42.70295" lon="-86.18492">
        <ele>200.8</ele>
      </trkpt>
      <trkpt lat="42.70241" lon="-86.18491">
        <ele>201.1</ele>
      </trkpt>
      <trkpt lat="42.70137" lon="-86.18486">
        <ele>200.8</ele>
      </trkpt>
      <trkpt lat="42.70065" lon="-86.18482">
        <ele>203.9</ele>
      </trkpt>
      <trkpt lat="42.70047" lon="-86.18482">
        <ele>204.0</ele>
      </trkpt>
      <trkpt lat="42.70031" lon="-86.18481">
        <ele>202.6</ele>
      </trkpt>
      <trkpt lat="42.69975" lon="-86.18478">
        <ele>200.5</ele>
      </trkpt>
      <trkpt lat="42.69921" lon="-86.18476">
        <ele>199.5</ele>
      </trkpt>
      <trkpt lat="42.69901" lon="-86.18475">
        <ele>199.2</ele>
      </trkpt>
      <trkpt lat="42.69849" lon="-86.18473">
        <ele>198.8</ele>
      </trkpt>
      <trkpt lat="42.69726" lon="-86.18469">
        <ele>198.9</ele>
      </trkpt>
      <trkpt lat="42.69654" lon="-86.18466">
        <ele>199.7</ele>
      </trkpt>
      <trkpt lat="42.696" lon="-86.18464">
        <ele>198.1</ele>
      </trkpt>
      <trkpt lat="42.6942" lon="-86.18458">
        <ele>198.0</ele>
      </trkpt>
      <trkpt lat="42.69402" lon="-86.18458">
        <ele>198.1</ele>
      </trkpt>
      <trkpt lat="42.69384" lon="-86.18457">
        <ele>197.9</ele>
      </trkpt>
      <trkpt lat="42.69366" lon="-86.18457">
        <ele>197.5</ele>
      </trkpt>
      <trkpt lat="42.69348" lon="-86.18456">
        <ele>197.3</ele>
      </trkpt>
      <trkpt lat="42.69222" lon="-86.18452">
        <ele>196.3</ele>
      </trkpt>
      <trkpt lat="42.69115" lon="-86.18448">
        <ele>195.0</ele>
      </trkpt>
      <trkpt lat="42.69065" lon="-86.18447">
        <ele>194.4</ele>
      </trkpt>
      <trkpt lat="42.69007" lon="-86.18445">
        <ele>193.9</ele>
      </trkpt>
      <trkpt lat="42.68989" lon="-86.18444">
        <ele>193.6</ele>
      </trkpt>
      <trkpt lat="42.68971" lon="-86.18444">
        <ele>193.4</ele>
      </trkpt>
      <trkpt lat="42.68935" lon="-86.18443">
        <ele>193.0</ele>
      </trkpt>
      <trkpt lat="42.68917" lon="-86.18442">
        <ele>192.8</ele>
      </trkpt>
      <trkpt lat="42.68899" lon="-86.18442">
        <ele>192.6</ele>
      </trkpt>
      <trkpt lat="42.68881" lon="-86.18441">
        <ele>192.4</ele>
      </trkpt>
      <trkpt lat="42.68863" lon="-86.1844">
        <ele>192.1</ele>
      </trkpt>
      <trkpt lat="42.68845" lon="-86.1844">
        <ele>192.0</ele>
      </trkpt>
      <trkpt lat="42.68827" lon="-86.18439">
        <ele>191.8</ele>
      </trkpt>
      <trkpt lat="42.68809" lon="-86.18439">
        <ele>191.6</ele>
      </trkpt>
      <trkpt lat="42.68791" lon="-86.18438">
        <ele>191.5</ele>
      </trkpt>
      <trkpt lat="42.68773" lon="-86.18438">
        <ele>191.5</ele>
      </trkpt>
      <trkpt lat="42.68755" lon="-86.18437">
        <ele>191.6</ele>
      </trkpt>
      <trkpt lat="42.68737" lon="-86.18437">
        <ele>191.8</ele>
      </trkpt>
      <trkpt lat="42.68719" lon="-86.18436">
        <ele>191.9</ele>
      </trkpt>
      <trkpt lat="42.68701" lon="-86.18435">
        <ele>191.9</ele>
      </trkpt>
      <trkpt lat="42.68675" lon="-86.18435">
        <ele>191.9</ele>
      </trkpt>
      <trkpt lat="42.68629" lon="-86.18433">
        <ele>191.9</ele>
      </trkpt>
      <trkpt lat="42.68611" lon="-86.18433">
        <ele>191.9</ele>
      </trkpt>
      <trkpt lat="42.68593" lon="-86.18432">
        <ele>191.9</ele>
      </trkpt>
      <trkpt lat="42.68575" lon="-86.18432">
        <ele>191.9</ele>
      </trkpt>
      <trkpt lat="42.68574" lon="-86.18432">
        <ele>191.9</ele>
      </trkpt>
      <trkpt lat="42.68529" lon="-86.18429">
        <ele>192.5</ele>
      </trkpt>
      <trkpt lat="42.68524" lon="-86.18428">
        <ele>192.4</ele>
      </trkpt>
      <trkpt lat="42.6852" lon="-86.18427">
        <ele>192.4</ele>
      </trkpt>
      <trkpt lat="42.68514" lon="-86.18422">
        <ele>192.4</ele>
      </trkpt>
      <trkpt lat="42.68514" lon="-86.18422">
        <ele>192.4</ele>
      </trkpt>
      <trkpt lat="42.68512" lon="-86.18418">
        <ele>192.4</ele>
      </trkpt>
      <trkpt lat="42.6851" lon="-86.18399">
        <ele>192.3</ele>
      </trkpt>
      <trkpt lat="42.6851" lon="-86.18398">
        <ele>192.3</ele>
      </trkpt>
      <trkpt lat="42.6851" lon="-86.1835">
        <ele>191.4</ele>
      </trkpt>
      <trkpt lat="42.68511" lon="-86.18325">
        <ele>191.0</ele>
      </trkpt>
      <trkpt lat="42.68511" lon="-86.18301">
        <ele>190.6</ele>
      </trkpt>
      <trkpt lat="42.68511" lon="-86.183">
        <ele>190.6</ele>
      </trkpt>
      <trkpt lat="42.68511" lon="-86.18276">
        <ele>190.2</ele>
      </trkpt>
      <trkpt lat="42.68511" lon="-86.18252">
        <ele>189.8</ele>
      </trkpt>
      <trkpt lat="42.68512" lon="-86.18227">
        <ele>189.4</ele>
      </trkpt>
      <trkpt lat="42.68512" lon="-86.18211">
        <ele>189.1</ele>
      </trkpt>
      <trkpt lat="42.68512" lon="-86.1817">
        <ele>188.6</ele>
      </trkpt>
      <trkpt lat="42.68513" lon="-86.18121">
        <ele>188.2</ele>
      </trkpt>
      <trkpt lat="42.68513" lon="-86.18072">
        <ele>188.6</ele>
      </trkpt>
      <trkpt lat="42.68514" lon="-86.18023">
        <ele>188.9</ele>
      </trkpt>
      <trkpt lat="42.68514" lon="-86.17974">
        <ele>189.2</ele>
      </trkpt>
      <trkpt lat="42.68514" lon="-86.1795">
        <ele>189.4</ele>
      </trkpt>
      <trkpt lat="42.68515" lon="-86.17901">
        <ele>189.9</ele>
      </trkpt>
      <trkpt lat="42.68515" lon="-86.17827">
        <ele>189.8</ele>
      </trkpt>
      <trkpt lat="42.68515" lon="-86.17803">
        <ele>189.9</ele>
      </trkpt>
      <trkpt lat="42.68515" lon="-86.17778">
        <ele>190.4</ele>
      </trkpt>
      <trkpt lat="42.68516" lon="-86.17754">
        <ele>191.0</ele>
      </trkpt>
      <trkpt lat="42.68516" lon="-86.17729">
        <ele>191.4</ele>
      </trkpt>
      <trkpt lat="42.68516" lon="-86.17705">
        <ele>191.8</ele>
      </trkpt>
      <trkpt lat="42.68516" lon="-86.17692">
        <ele>192.0</ele>
      </trkpt>
      <trkpt lat="42.68516" lon="-86.17692">
        <ele>192.0</ele>
      </trkpt>
      <trkpt lat="42.68517" lon="-86.17583">
        <ele>194.2</ele>
      </trkpt>
      <trkpt lat="42.68517" lon="-86.17558">
        <ele>194.6</ele>
      </trkpt>
      <trkpt lat="42.68517" lon="-86.17509">
        <ele>195.2</ele>
      </trkpt>
      <trkpt lat="42.68517" lon="-86.17485">
        <ele>195.8</ele>
      </trkpt>
      <trkpt lat="42.68517" lon="-86.17484">
        <ele>195.8</ele>
      </trkpt>
      <trkpt lat="42.68518" lon="-86.17478">
        <ele>196.0</ele>
      </trkpt>
      <trkpt lat="42.68518" lon="-86.17471">
        <ele>196.2</ele>
      </trkpt>
      <trkpt lat="42.68518" lon="-86.17446">
        <ele>196.9</ele>
      </trkpt>
      <trkpt lat="42.68518" lon="-86.17446">
        <ele>196.9</ele>
      </trkpt>
      <trkpt lat="42.68411" lon="-86.17443">
        <ele>195.3</ele>
      </trkpt>
      <trkpt lat="42.68372" lon="-86.17442">
        <ele>195.2</ele>
      </trkpt>
      <trkpt lat="42.68372" lon="-86.17442">
        <ele>195.2</ele>
      </trkpt>
      <trkpt lat="42.68231" lon="-86.17437">
        <ele>193.8</ele>
      </trkpt>
      <trkpt lat="42.68148" lon="-86.17434">
        <ele>194.0</ele>
      </trkpt>
      <trkpt lat="42.68123" lon="-86.17434">
        <ele>193.8</ele>
      </trkpt>
      <trkpt lat="42.68042" lon="-86.17433">
        <ele>193.9</ele>
      </trkpt>
      <trkpt lat="42.68026" lon="-86.17432">
        <ele>193.9</ele>
      </trkpt>
      <trkpt lat="42.68026" lon="-86.17432">
        <ele>193.9</ele>
      </trkpt>
      <trkpt lat="42.67995" lon="-86.17498">
        <ele>192.6</ele>
      </trkpt>
      <trkpt lat="42.6798" lon="-86.17533">
        <ele>192.1</ele>
      </trkpt>
      <trkpt lat="42.67969" lon="-86.17559">
        <ele>191.8</ele>
      </trkpt>
      <trkpt lat="42.67969" lon="-86.17559">
        <ele>191.8</ele>
      </trkpt>
      <trkpt lat="42.6796" lon="-86.17561">
        <ele>191.8</ele>
      </trkpt>
      <trkpt lat="42.67951" lon="-86.17565">
        <ele>191.9</ele>
      </trkpt>
      <trkpt lat="42.67941" lon="-86.17569">
        <ele>191.9</ele>
      </trkpt>
      <trkpt lat="42.6793" lon="-86.17574">
        <ele>191.9</ele>
      </trkpt>
      <trkpt lat="42.67917" lon="-86.1758">
        <ele>191.8</ele>
      </trkpt>
      <trkpt lat="42.67909" lon="-86.17584">
        <ele>191.8</ele>
      </trkpt>
      <trkpt lat="42.678987" lon="-86.175882">
        <ele>191.8</ele>
      </trkpt>
      <trkpt lat="42.678965" lon="-86.175892">
        <ele>191.7</ele>
      </trkpt>
      <trkpt lat="42.678938" lon="-86.175903">
        <ele>191.7</ele>
      </trkpt>
      <trkpt lat="42.67892" lon="-86.17591">
        <ele>191.7</ele>
      </trkpt>
      <trkpt lat="42.67882" lon="-86.17596">
        <ele>191.7</ele>
      </trkpt>
      <trkpt lat="42.67876" lon="-86.17599">
        <ele>191.7</ele>
      </trkpt>
      <trkpt lat="42.67849" lon="-86.17613">
        <ele>191.5</ele>
      </trkpt>
      <trkpt lat="42.67848" lon="-86.17613">
        <ele>191.5</ele>
      </trkpt>
      <trkpt lat="42.67829" lon="-86.17623">
        <ele>191.5</ele>
      </trkpt>
      <trkpt lat="42.67791" lon="-86.17641">
        <ele>191.3</ele>
      </trkpt>
      <trkpt lat="42.67781" lon="-86.17646">
        <ele>191.3</ele>
      </trkpt>
      <trkpt lat="42.6778" lon="-86.17646">
        <ele>191.3</ele>
      </trkpt>
      <trkpt lat="42.67748" lon="-86.17663">
        <ele>191.3</ele>
      </trkpt>
      <trkpt lat="42.67707" lon="-86.17685">
        <ele>191.3</ele>
      </trkpt>
      <trkpt lat="42.67701" lon="-86.17688">
        <ele>191.3</ele>
      </trkpt>
      <trkpt lat="42.67696" lon="-86.1769">
        <ele>191.2</ele>
      </trkpt>
      <trkpt lat="42.6768" lon="-86.17698">
        <ele>191.2</ele>
      </trkpt>
      <trkpt lat="42.67629" lon="-86.1772">
        <ele>191.1</ele>
      </trkpt>
      <trkpt lat="42.67629" lon="-86.1772">
        <ele>191.1</ele>
      </trkpt>
      <trkpt lat="42.67628" lon="-86.17739">
        <ele>190.8</ele>
      </trkpt>
      <trkpt lat="42.67627" lon="-86.17813">
        <ele>190.1</ele>
      </trkpt>
      <trkpt lat="42.67627" lon="-86.17837">
        <ele>189.8</ele>
      </trkpt>
      <trkpt lat="42.67626" lon="-86.1791">
        <ele>189.1</ele>
      </trkpt>
      <trkpt lat="42.67626" lon="-86.1791">
        <ele>189.1</ele>
      </trkpt>
      <trkpt lat="42.67602" lon="-86.17909">
        <ele>189.1</ele>
      </trkpt>
      <trkpt lat="42.67602" lon="-86.17909">
        <ele>189.1</ele>
      </trkpt>
      <trkpt lat="42.67597" lon="-86.17909">
        <ele>189.1</ele>
      </trkpt>
      <trkpt lat="42.67572" lon="-86.17908">
        <ele>189.3</ele>
      </trkpt>
      <trkpt lat="42.67554" lon="-86.17907">
        <ele>189.4</ele>
      </trkpt>
      <trkpt lat="42.6755" lon="-86.17907">
        <ele>189.4</ele>
      </trkpt>
      <trkpt lat="42.67536" lon="-86.17907">
        <ele>189.4</ele>
      </trkpt>
      <trkpt lat="42.67518" lon="-86.17906">
        <ele>189.3</ele>
      </trkpt>
      <trkpt lat="42.675" lon="-86.17905">
        <ele>189.2</ele>
      </trkpt>
      <trkpt lat="42.67482" lon="-86.17904">
        <ele>189.2</ele>
      </trkpt>
      <trkpt lat="42.67478" lon="-86.17904">
        <ele>189.2</ele>
      </trkpt>
      <trkpt lat="42.67464" lon="-86.17904">
        <ele>189.1</ele>
      </trkpt>
      <trkpt lat="42.6746" lon="-86.17903">
        <ele>189.0</ele>
      </trkpt>
      <trkpt lat="42.67446" lon="-86.17903">
        <ele>188.6</ele>
      </trkpt>
      <trkpt lat="42.67442" lon="-86.17903">
        <ele>188.5</ele>
      </trkpt>
      <trkpt lat="42.67428" lon="-86.17902">
        <ele>188.0</ele>
      </trkpt>
      <trkpt lat="42.67392" lon="-86.17901">
        <ele>187.5</ele>
      </trkpt>
      <trkpt lat="42.67374" lon="-86.179">
        <ele>187.5</ele>
      </trkpt>
      <trkpt lat="42.6737" lon="-86.179">
        <ele>187.5</ele>
      </trkpt>
      <trkpt lat="42.67356" lon="-86.17899">
        <ele>187.5</ele>
      </trkpt>
      <trkpt lat="42.67316" lon="-86.17898">
        <ele>187.5</ele>
      </trkpt>
      <trkpt lat="42.67263" lon="-86.17897">
        <ele>189.0</ele>
      </trkpt>
      <trkpt lat="42.67245" lon="-86.17897">
        <ele>189.1</ele>
      </trkpt>
      <trkpt lat="42.6724" lon="-86.17897">
        <ele>189.1</ele>
      </trkpt>
      <trkpt lat="42.67227" lon="-86.17896">
        <ele>189.0</ele>
      </trkpt>
      <trkpt lat="42.67209" lon="-86.17895">
        <ele>188.8</ele>
      </trkpt>
      <trkpt lat="42.67159" lon="-86.17892">
        <ele>189.0</ele>
      </trkpt>
      <trkpt lat="42.67156" lon="-86.17891">
        <ele>189.1</ele>
      </trkpt>
      <trkpt lat="42.67122" lon="-86.17889">
        <ele>189.4</ele>
      </trkpt>
      <trkpt lat="42.67068" lon="-86.17885">
        <ele>189.1</ele>
      </trkpt>
      <trkpt lat="42.67049" lon="-86.17885">
        <ele>188.8</ele>
      </trkpt>
      <trkpt lat="42.67046" lon="-86.17885">
        <ele>188.7</ele>
      </trkpt>
      <trkpt lat="42.67031" lon="-86.17884">
        <ele>187.8</ele>
      </trkpt>
      <trkpt lat="42.67013" lon="-86.17884">
        <ele>186.6</ele>
      </trkpt>
      <trkpt lat="42.67004" lon="-86.17888">
        <ele>186.0</ele>
      </trkpt>
      <trkpt lat="42.66996" lon="-86.17889">
        <ele>185.5</ele>
      </trkpt>
      <trkpt lat="42.66977" lon="-86.17888">
        <ele>184.2</ele>
      </trkpt>
      <trkpt lat="42.66959" lon="-86.17888">
        <ele>183.5</ele>
      </trkpt>
      <trkpt lat="42.66941" lon="-86.17887">
        <ele>183.5</ele>
      </trkpt>
      <trkpt lat="42.6693" lon="-86.17887">
        <ele>183.8</ele>
      </trkpt>
      <trkpt lat="42.66912" lon="-86.17886">
        <ele>184.7</ele>
      </trkpt>
      <trkpt lat="42.66876" lon="-86.17885">
        <ele>187.3</ele>
      </trkpt>
      <trkpt lat="42.66858" lon="-86.17884">
        <ele>188.3</ele>
      </trkpt>
      <trkpt lat="42.6684" lon="-86.17883">
        <ele>188.7</ele>
      </trkpt>
      <trkpt lat="42.66822" lon="-86.17882">
        <ele>188.8</ele>
      </trkpt>
      <trkpt lat="42.6681" lon="-86.17882">
        <ele>188.8</ele>
      </trkpt>
      <trkpt lat="42.66768" lon="-86.17881">
        <ele>188.4</ele>
      </trkpt>
      <trkpt lat="42.6675" lon="-86.1788">
        <ele>188.3</ele>
      </trkpt>
      <trkpt lat="42.66732" lon="-86.1788">
        <ele>188.4</ele>
      </trkpt>
      <trkpt lat="42.6666" lon="-86.17879">
        <ele>188.8</ele>
      </trkpt>
      <trkpt lat="42.66636" lon="-86.17878">
        <ele>188.8</ele>
      </trkpt>
      <trkpt lat="42.66624" lon="-86.17878">
        <ele>188.9</ele>
      </trkpt>
      <trkpt lat="42.66549" lon="-86.17876">
        <ele>188.8</ele>
      </trkpt>
      <trkpt lat="42.66549" lon="-86.17876">
        <ele>188.8</ele>
      </trkpt>
      <trkpt lat="42.66549" lon="-86.17901">
        <ele>188.8</ele>
      </trkpt>
      <trkpt lat="42.66548" lon="-86.18008">
        <ele>188.8</ele>
      </trkpt>
      <trkpt lat="42.66547" lon="-86.18053">
        <ele>188.6</ele>
      </trkpt>
      <trkpt lat="42.66547" lon="-86.18087">
        <ele>188.3</ele>
      </trkpt>
      <trkpt lat="42.66547" lon="-86.18087">
        <ele>188.3</ele>
      </trkpt>
      <trkpt lat="42.66546" lon="-86.18158">
        <ele>187.8</ele>
      </trkpt>
      <trkpt lat="42.66546" lon="-86.18182">
        <ele>187.7</ele>
      </trkpt>
      <trkpt lat="42.66545" lon="-86.18207">
        <ele>187.6</ele>
      </trkpt>
      <trkpt lat="42.66544" lon="-86.1828">
        <ele>186.7</ele>
      </trkpt>
      <trkpt lat="42.66543" lon="-86.18353">
        <ele>186.8</ele>
      </trkpt>
      <trkpt lat="42.66543" lon="-86.1842">
        <ele>187.3</ele>
      </trkpt>
      <trkpt lat="42.66542" lon="-86.18456">
        <ele>187.2</ele>
      </trkpt>
      <trkpt lat="42.66541" lon="-86.18598">
        <ele>186.4</ele>
      </trkpt>
      <trkpt lat="42.6654" lon="-86.1872">
        <ele>185.9</ele>
      </trkpt>
      <trkpt lat="42.6654" lon="-86.1873">
        <ele>185.8</ele>
      </trkpt>
      <trkpt lat="42.6654" lon="-86.18741">
        <ele>185.8</ele>
      </trkpt>
      <trkpt lat="42.6654" lon="-86.18745">
        <ele>185.8</ele>
      </trkpt>
      <trkpt lat="42.66539" lon="-86.18863">
        <ele>186.0</ele>
      </trkpt>
      <trkpt lat="42.66538" lon="-86.1894">
        <ele>185.8</ele>
      </trkpt>
      <trkpt lat="42.66538" lon="-86.1895">
        <ele>185.8</ele>
      </trkpt>
      <trkpt lat="42.66538" lon="-86.18961">
        <ele>185.9</ele>
      </trkpt>
      <trkpt lat="42.66538" lon="-86.18965">
        <ele>185.9</ele>
      </trkpt>
      <trkpt lat="42.66538" lon="-86.18989">
        <ele>185.9</ele>
      </trkpt>
      <trkpt lat="42.66538" lon="-86.18999">
        <ele>185.9</ele>
      </trkpt>
      <trkpt lat="42.66538" lon="-86.19042">
        <ele>185.9</ele>
      </trkpt>
      <trkpt lat="42.66538" lon="-86.19048">
        <ele>185.9</ele>
      </trkpt>
      <trkpt lat="42.66537" lon="-86.19083">
        <ele>186.2</ele>
      </trkpt>
      <trkpt lat="42.66537" lon="-86.19083">
        <ele>186.2</ele>
      </trkpt>
      <trkpt lat="42.66537" lon="-86.19103">
        <ele>185.3</ele>
      </trkpt>
      <trkpt lat="42.66537" lon="-86.19108">
        <ele>184.9</ele>
      </trkpt>
      <trkpt lat="42.66537" lon="-86.19128">
        <ele>183.1</ele>
      </trkpt>
      <trkpt lat="42.66536" lon="-86.19152">
        <ele>181.7</ele>
      </trkpt>
      <trkpt lat="42.66536" lon="-86.19177">
        <ele>180.7</ele>
      </trkpt>
      <trkpt lat="42.66536" lon="-86.19201">
        <ele>179.9</ele>
      </trkpt>
      <trkpt lat="42.66535" lon="-86.19225">
        <ele>179.6</ele>
      </trkpt>
      <trkpt lat="42.66535" lon="-86.19226">
        <ele>179.6</ele>
      </trkpt>
      <trkpt lat="42.66535" lon="-86.1925">
        <ele>179.4</ele>
      </trkpt>
      <trkpt lat="42.66534" lon="-86.19324">
        <ele>178.1</ele>
      </trkpt>
      <trkpt lat="42.66533" lon="-86.19367">
        <ele>179.2</ele>
      </trkpt>
      <trkpt lat="42.66533" lon="-86.19386">
        <ele>179.6</ele>
      </trkpt>
      <trkpt lat="42.66533" lon="-86.19391">
        <ele>179.7</ele>
      </trkpt>
      <trkpt lat="42.66532" lon="-86.19416">
        <ele>181.0</ele>
      </trkpt>
      <trkpt lat="42.66532" lon="-86.19435">
        <ele>182.4</ele>
      </trkpt>
      <trkpt lat="42.66532" lon="-86.1944">
        <ele>182.8</ele>
      </trkpt>
      <trkpt lat="42.66531" lon="-86.19465">
        <ele>184.5</ele>
      </trkpt>
      <trkpt lat="42.66531" lon="-86.19514">
        <ele>185.6</ele>
      </trkpt>
      <trkpt lat="42.6653" lon="-86.19563">
        <ele>186.5</ele>
      </trkpt>
      <trkpt lat="42.66528" lon="-86.19628">
        <ele>187.6</ele>
      </trkpt>
      <trkpt lat="42.66528" lon="-86.19684">
        <ele>187.8</ele>
      </trkpt>
      <trkpt lat="42.66527" lon="-86.19709">
        <ele>188.0</ele>
      </trkpt>
      <trkpt lat="42.66526" lon="-86.19797">
        <ele>187.3</ele>
      </trkpt>
      <trkpt lat="42.66526" lon="-86.19797">
        <ele>187.3</ele>
      </trkpt>
      <trkpt lat="42.66496" lon="-86.19824">
        <ele>187.4</ele>
      </trkpt>
      <trkpt lat="42.66473" lon="-86.19844">
        <ele>187.6</ele>
      </trkpt>
      <trkpt lat="42.66459" lon="-86.19857">
        <ele>187.5</ele>
      </trkpt>
      <trkpt lat="42.66459" lon="-86.19857">
        <ele>187.5</ele>
      </trkpt>
      <trkpt lat="42.66452" lon="-86.19863">
        <ele>187.4</ele>
      </trkpt>
      <trkpt lat="42.6643" lon="-86.1988">
        <ele>187.6</ele>
      </trkpt>
      <trkpt lat="42.66421" lon="-86.19886">
        <ele>187.9</ele>
      </trkpt>
      <trkpt lat="42.66402" lon="-86.19898">
        <ele>188.3</ele>
      </trkpt>
      <trkpt lat="42.66382" lon="-86.19911">
        <ele>188.3</ele>
      </trkpt>
      <trkpt lat="42.6636" lon="-86.19927">
        <ele>187.7</ele>
      </trkpt>
      <trkpt lat="42.66343" lon="-86.19938">
        <ele>187.2</ele>
      </trkpt>
      <trkpt lat="42.66338" lon="-86.19942">
        <ele>187.0</ele>
      </trkpt>
      <trkpt lat="42.66331" lon="-86.19946">
        <ele>186.7</ele>
      </trkpt>
      <trkpt lat="42.66327" lon="-86.19949">
        <ele>186.5</ele>
      </trkpt>
      <trkpt lat="42.66323" lon="-86.19953">
        <ele>186.2</ele>
      </trkpt>
      <trkpt lat="42.66321" lon="-86.19955">
        <ele>186.1</ele>
      </trkpt>
      <trkpt lat="42.66317" lon="-86.19959">
        <ele>185.7</ele>
      </trkpt>
      <trkpt lat="42.66306" lon="-86.19973">
        <ele>184.6</ele>
      </trkpt>
      <trkpt lat="42.66296" lon="-86.19987">
        <ele>183.8</ele>
      </trkpt>
      <trkpt lat="42.66283" lon="-86.20003">
        <ele>183.4</ele>
      </trkpt>
      <trkpt lat="42.66259" lon="-86.20033">
        <ele>182.2</ele>
      </trkpt>
      <trkpt lat="42.66258" lon="-86.20035">
        <ele>182.1</ele>
      </trkpt>
      <trkpt lat="42.66257" lon="-86.20036">
        <ele>182.1</ele>
      </trkpt>
      <trkpt lat="42.66253" lon="-86.20041">
        <ele>181.9</ele>
      </trkpt>
      <trkpt lat="42.66245" lon="-86.20052">
        <ele>181.7</ele>
      </trkpt>
      <trkpt lat="42.66243" lon="-86.20054">
        <ele>181.7</ele>
      </trkpt>
      <trkpt lat="42.66235" lon="-86.20064">
        <ele>181.3</ele>
      </trkpt>
      <trkpt lat="42.66232" lon="-86.20069">
        <ele>181.0</ele>
      </trkpt>
      <trkpt lat="42.66219" lon="-86.20085">
        <ele>180.3</ele>
      </trkpt>
      <trkpt lat="42.66205" lon="-86.20102">
        <ele>180.4</ele>
      </trkpt>
      <trkpt lat="42.66194" lon="-86.20113">
        <ele>180.0</ele>
      </trkpt>
      <trkpt lat="42.66191" lon="-86.20116">
        <ele>179.9</ele>
      </trkpt>
      <trkpt lat="42.66183" lon="-86.20124">
        <ele>179.8</ele>
      </trkpt>
      <trkpt lat="42.66175" lon="-86.20131">
        <ele>179.8</ele>
      </trkpt>
      <trkpt lat="42.66166" lon="-86.20137">
        <ele>179.8</ele>
      </trkpt>
      <trkpt lat="42.66111" lon="-86.20176">
        <ele>180.9</ele>
      </trkpt>
      <trkpt lat="42.66104" lon="-86.2018">
        <ele>181.0</ele>
      </trkpt>
      <trkpt lat="42.66104" lon="-86.2018">
        <ele>181.0</ele>
      </trkpt>
      <trkpt lat="42.6611" lon="-86.20226">
        <ele>180.1</ele>
      </trkpt>
      <trkpt lat="42.66112" lon="-86.20254">
        <ele>179.7</ele>
      </trkpt>
      <trkpt lat="42.66112" lon="-86.20277">
        <ele>179.4</ele>
      </trkpt>
      <trkpt lat="42.66112" lon="-86.20285">
        <ele>179.4</ele>
      </trkpt>
      <trkpt lat="42.66112" lon="-86.203">
        <ele>179.2</ele>
      </trkpt>
      <trkpt lat="42.66112" lon="-86.20312">
        <ele>179.1</ele>
      </trkpt>
      <trkpt lat="42.66112" lon="-86.20325">
        <ele>179.0</ele>
      </trkpt>
      <trkpt lat="42.66112" lon="-86.20423">
        <ele>178.7</ele>
      </trkpt>
      <trkpt lat="42.66113" lon="-86.20485">
        <ele>178.2</ele>
      </trkpt>
      <trkpt lat="42.66112" lon="-86.20497">
        <ele>178.2</ele>
      </trkpt>
      <trkpt lat="42.66111" lon="-86.20503">
        <ele>178.2</ele>
      </trkpt>
      <trkpt lat="42.66111" lon="-86.20505">
        <ele>178.2</ele>
      </trkpt>
      <trkpt lat="42.66109" lon="-86.20512">
        <ele>178.2</ele>
      </trkpt>
      <trkpt lat="42.66107" lon="-86.20515">
        <ele>178.2</ele>
      </trkpt>
      <trkpt lat="42.66104" lon="-86.20518">
        <ele>178.2</ele>
      </trkpt>
      <trkpt lat="42.66104" lon="-86.20518">
        <ele>178.2</ele>
      </trkpt>
      <trkpt lat="42.66101" lon="-86.2052">
        <ele>178.2</ele>
      </trkpt>
      <trkpt lat="42.66097" lon="-86.2052">
        <ele>178.2</ele>
      </trkpt>
      <trkpt lat="42.66085" lon="-86.20521">
        <ele>178.2</ele>
      </trkpt>
      <trkpt lat="42.66052" lon="-86.20523">
        <ele>178.0</ele>
      </trkpt>
      <trkpt lat="42.6602" lon="-86.20525">
        <ele>178.1</ele>
      </trkpt>
      <trkpt lat="42.65931" lon="-86.20532">
        <ele>178.2</ele>
      </trkpt>
      <trkpt lat="42.65838" lon="-86.20539">
        <ele>178.8</ele>
      </trkpt>
      <trkpt lat="42.65794" lon="-86.20541">
        <ele>179.0</ele>
      </trkpt>
      <trkpt lat="42.6579" lon="-86.20542">
        <ele>179.1</ele>
      </trkpt>
      <trkpt lat="42.65749" lon="-86.20544">
        <ele>179.3</ele>
      </trkpt>
      <trkpt lat="42.65741" lon="-86.20544">
        <ele>179.3</ele>
      </trkpt>
      <trkpt lat="42.65736" lon="-86.20544">
        <ele>179.2</ele>
      </trkpt>
      <trkpt lat="42.65714" lon="-86.20543">
        <ele>179.3</ele>
      </trkpt>
      <trkpt lat="42.65688" lon="-86.20536">
        <ele>179.8</ele>
      </trkpt>
      <trkpt lat="42.65658" lon="-86.20531">
        <ele>180.3</ele>
      </trkpt>
      <trkpt lat="42.65569" lon="-86.20522">
        <ele>180.1</ele>
      </trkpt>
      <trkpt lat="42.65559" lon="-86.20518">
        <ele>180.1</ele>
      </trkpt>
      <trkpt lat="42.65531" lon="-86.20508">
        <ele>179.9</ele>
      </trkpt>
      <trkpt lat="42.65517" lon="-86.20497">
        <ele>180.0</ele>
      </trkpt>
      <trkpt lat="42.65506" lon="-86.20485">
        <ele>180.0</ele>
      </trkpt>
      <trkpt lat="42.655" lon="-86.2048">
        <ele>180.0</ele>
      </trkpt>
      <trkpt lat="42.655" lon="-86.2048">
        <ele>180.0</ele>
      </trkpt>
      <trkpt lat="42.65486" lon="-86.20464">
        <ele>180.0</ele>
      </trkpt>
      <trkpt lat="42.6548" lon="-86.20455">
        <ele>180.0</ele>
      </trkpt>
      <trkpt lat="42.65478" lon="-86.2045">
        <ele>180.0</ele>
      </trkpt>
      <trkpt lat="42.65478" lon="-86.2045">
        <ele>180.0</ele>
      </trkpt>
      <trkpt lat="42.65478" lon="-86.20411">
        <ele>180.2</ele>
      </trkpt>
      <trkpt lat="42.65479" lon="-86.20358">
        <ele>180.4</ele>
      </trkpt>
      <trkpt lat="42.65479" lon="-86.20288">
        <ele>180.2</ele>
      </trkpt>
      <trkpt lat="42.65481" lon="-86.2021">
        <ele>180.2</ele>
      </trkpt>
      <trkpt lat="42.65481" lon="-86.202">
        <ele>180.3</ele>
      </trkpt>
      <trkpt lat="42.65481" lon="-86.202">
        <ele>180.3</ele>
      </trkpt>
      <trkpt lat="42.65481" lon="-86.20195">
        <ele>180.3</ele>
      </trkpt>
      <trkpt lat="42.65481" lon="-86.20192">
        <ele>180.3</ele>
      </trkpt>
      <trkpt lat="42.65482" lon="-86.20141">
        <ele>180.6</ele>
      </trkpt>
      <trkpt lat="42.65483" lon="-86.2012">
        <ele>180.8</ele>
      </trkpt>
      <trkpt lat="42.65483" lon="-86.2011">
        <ele>181.0</ele>
      </trkpt>
      <trkpt lat="42.65483" lon="-86.20105">
        <ele>181.1</ele>
      </trkpt>
      <trkpt lat="42.65482" lon="-86.20093">
        <ele>181.4</ele>
      </trkpt>
      <trkpt lat="42.65481" lon="-86.20083">
        <ele>181.7</ele>
      </trkpt>
      <trkpt lat="42.65479" lon="-86.20072">
        <ele>182.0</ele>
      </trkpt>
      <trkpt lat="42.65475" lon="-86.2006">
        <ele>182.1</ele>
      </trkpt>
      <trkpt lat="42.65471" lon="-86.20049">
        <ele>181.8</ele>
      </trkpt>
      <trkpt lat="42.6547" lon="-86.20047">
        <ele>181.8</ele>
      </trkpt>
      <trkpt lat="42.65466" lon="-86.20038">
        <ele>181.6</ele>
      </trkpt>
      <trkpt lat="42.65463" lon="-86.20033">
        <ele>181.6</ele>
      </trkpt>
      <trkpt lat="42.6546" lon="-86.20029">
        <ele>181.7</ele>
      </trkpt>
      <trkpt lat="42.65448" lon="-86.20009">
        <ele>182.0</ele>
      </trkpt>
      <trkpt lat="42.65448" lon="-86.20009">
        <ele>182.0</ele>
      </trkpt>
      <trkpt lat="42.65443" lon="-86.20001">
        <ele>181.6</ele>
      </trkpt>
      <trkpt lat="42.65437" lon="-86.19992">
        <ele>181.2</ele>
      </trkpt>
      <trkpt lat="42.65437" lon="-86.19992">
        <ele>181.2</ele>
      </trkpt>
      <trkpt lat="42.65438" lon="-86.19983">
        <ele>181.8</ele>
      </trkpt>
      <trkpt lat="42.65439" lon="-86.19971">
        <ele>182.8</ele>
      </trkpt>
      <trkpt lat="42.65439" lon="-86.19967">
        <ele>183.1</ele>
      </trkpt>
      <trkpt lat="42.6544" lon="-86.19946">
        <ele>185.1</ele>
      </trkpt>
      <trkpt lat="42.65439" lon="-86.19922">
        <ele>187.1</ele>
      </trkpt>
      <trkpt lat="42.65439" lon="-86.19922">
        <ele>187.1</ele>
      </trkpt>
      <trkpt lat="42.6544" lon="-86.19869">
        <ele>191.7</ele>
      </trkpt>
      <trkpt lat="42.65441" lon="-86.19845">
        <ele>192.9</ele>
      </trkpt>
      <trkpt lat="42.65442" lon="-86.19821">
        <ele>193.4</ele>
      </trkpt>
      <trkpt lat="42.65442" lon="-86.19796">
        <ele>193.5</ele>
      </trkpt>
      <trkpt lat="42.65444" lon="-86.1976">
        <ele>193.7</ele>
      </trkpt>
      <trkpt lat="42.65445" lon="-86.19722">
        <ele>193.7</ele>
      </trkpt>
      <trkpt lat="42.65449" lon="-86.19598">
        <ele>193.3</ele>
      </trkpt>
      <trkpt lat="42.65452" lon="-86.19491">
        <ele>192.6</ele>
      </trkpt>
      <trkpt lat="42.65455" lon="-86.19397">
        <ele>191.9</ele>
      </trkpt>
      <trkpt lat="42.65456" lon="-86.1934">
        <ele>191.5</ele>
      </trkpt>
      <trkpt lat="42.65457" lon="-86.19298">
        <ele>190.6</ele>
      </trkpt>
      <trkpt lat="42.65457" lon="-86.19298">
        <ele>190.6</ele>
      </trkpt>
      <trkpt lat="42.65458" lon="-86.19224">
        <ele>189.3</ele>
      </trkpt>
      <trkpt lat="42.65458" lon="-86.19178">
        <ele>188.0</ele>
      </trkpt>
      <trkpt lat="42.65458" lon="-86.19176">
        <ele>188.0</ele>
      </trkpt>
      <trkpt lat="42.65459" lon="-86.1913">
        <ele>187.7</ele>
      </trkpt>
      <trkpt lat="42.65459" lon="-86.19127">
        <ele>187.7</ele>
      </trkpt>
      <trkpt lat="42.65459" lon="-86.19119">
        <ele>187.7</ele>
      </trkpt>
      <trkpt lat="42.65459" lon="-86.19068">
        <ele>188.8</ele>
      </trkpt>
      <trkpt lat="42.65458" lon="-86.19063">
        <ele>188.9</ele>
      </trkpt>
      <trkpt lat="42.65457" lon="-86.19061">
        <ele>188.9</ele>
      </trkpt>
      <trkpt lat="42.65458" lon="-86.19053">
        <ele>188.9</ele>
      </trkpt>
      <trkpt lat="42.65458" lon="-86.19053">
        <ele>188.9</ele>
      </trkpt>
      <trkpt lat="42.65457" lon="-86.19053">
        <ele>188.9</ele>
      </trkpt>
      <trkpt lat="42.65457" lon="-86.19052">
        <ele>188.9</ele>
      </trkpt>
      <trkpt lat="42.65456" lon="-86.19052">
        <ele>188.9</ele>
      </trkpt>
      <trkpt lat="42.65456" lon="-86.19051">
        <ele>188.9</ele>
      </trkpt>
      <trkpt lat="42.65455" lon="-86.19051">
        <ele>188.9</ele>
      </trkpt>
      <trkpt lat="42.65455" lon="-86.1905">
        <ele>188.9</ele>
      </trkpt>
      <trkpt lat="42.65455" lon="-86.19049">
        <ele>188.9</ele>
      </trkpt>
      <trkpt lat="42.65454" lon="-86.19049">
        <ele>188.9</ele>
      </trkpt>
      <trkpt lat="42.65454" lon="-86.19048">
        <ele>188.8</ele>
      </trkpt>
      <trkpt lat="42.65454" lon="-86.19047">
        <ele>188.8</ele>
      </trkpt>
      <trkpt lat="42.65454" lon="-86.19046">
        <ele>188.8</ele>
      </trkpt>
      <trkpt lat="42.65454" lon="-86.19045">
        <ele>188.8</ele>
      </trkpt>
      <trkpt lat="42.65454" lon="-86.19044">
        <ele>188.8</ele>
      </trkpt>
      <trkpt lat="42.65454" lon="-86.19043">
        <ele>188.8</ele>
      </trkpt>
      <trkpt lat="42.65454" lon="-86.19042">
        <ele>188.8</ele>
      </trkpt>
      <trkpt lat="42.65455" lon="-86.19042">
        <ele>188.8</ele>
      </trkpt>
      <trkpt lat="42.65455" lon="-86.19041">
        <ele>188.8</ele>
      </trkpt>
      <trkpt lat="42.65455" lon="-86.1904">
        <ele>188.7</ele>
      </trkpt>
      <trkpt lat="42.65456" lon="-86.1904">
        <ele>188.7</ele>
      </trkpt>
      <trkpt lat="42.65456" lon="-86.19039">
        <ele>188.7</ele>
      </trkpt>
      <trkpt lat="42.65457" lon="-86.19039">
        <ele>188.7</ele>
      </trkpt>
      <trkpt lat="42.65457" lon="-86.19038">
        <ele>188.7</ele>
      </trkpt>
      <trkpt lat="42.65458" lon="-86.19032">
        <ele>188.5</ele>
      </trkpt>
      <trkpt lat="42.65458" lon="-86.19026">
        <ele>188.3</ele>
      </trkpt>
      <trkpt lat="42.6546" lon="-86.19021">
        <ele>188.1</ele>
      </trkpt>
      <trkpt lat="42.6546" lon="-86.19011">
        <ele>187.5</ele>
      </trkpt>
      <trkpt lat="42.6546" lon="-86.19006">
        <ele>187.3</ele>
      </trkpt>
      <trkpt lat="42.6546" lon="-86.18986">
        <ele>186.4</ele>
      </trkpt>
      <trkpt lat="42.6546" lon="-86.1898">
        <ele>186.2</ele>
      </trkpt>
      <trkpt lat="42.6546" lon="-86.18957">
        <ele>185.8</ele>
      </trkpt>
      <trkpt lat="42.6546" lon="-86.18933">
        <ele>185.8</ele>
      </trkpt>
      <trkpt lat="42.6546" lon="-86.18908">
        <ele>185.8</ele>
      </trkpt>
      <trkpt lat="42.65461" lon="-86.18884">
        <ele>185.8</ele>
      </trkpt>
      <trkpt lat="42.65461" lon="-86.18859">
        <ele>185.8</ele>
      </trkpt>
      <trkpt lat="42.65461" lon="-86.18786">
        <ele>186.1</ele>
      </trkpt>
      <trkpt lat="42.65461" lon="-86.18761">
        <ele>186.1</ele>
      </trkpt>
      <trkpt lat="42.65461" lon="-86.18737">
        <ele>186.1</ele>
      </trkpt>
      <trkpt lat="42.65462" lon="-86.18712">
        <ele>186.1</ele>
      </trkpt>
      <trkpt lat="42.65462" lon="-86.18688">
        <ele>186.2</ele>
      </trkpt>
      <trkpt lat="42.65462" lon="-86.18664">
        <ele>186.4</ele>
      </trkpt>
      <trkpt lat="42.65462" lon="-86.18639">
        <ele>186.4</ele>
      </trkpt>
      <trkpt lat="42.65462" lon="-86.18615">
        <ele>186.5</ele>
      </trkpt>
      <trkpt lat="42.65462" lon="-86.1859">
        <ele>186.7</ele>
      </trkpt>
      <trkpt lat="42.65462" lon="-86.18566">
        <ele>187.0</ele>
      </trkpt>
      <trkpt lat="42.65462" lon="-86.1855">
        <ele>187.3</ele>
      </trkpt>
      <trkpt lat="42.65462" lon="-86.18525">
        <ele>187.9</ele>
      </trkpt>
      <trkpt lat="42.65462" lon="-86.18501">
        <ele>188.4</ele>
      </trkpt>
      <trkpt lat="42.65462" lon="-86.18476">
        <ele>188.2</ele>
      </trkpt>
      <trkpt lat="42.65462" lon="-86.18461">
        <ele>188.2</ele>
      </trkpt>
      <trkpt lat="42.65462" lon="-86.18454">
        <ele>188.2</ele>
      </trkpt>
      <trkpt lat="42.65462" lon="-86.18436">
        <ele>188.1</ele>
      </trkpt>
      <trkpt lat="42.65463" lon="-86.18427">
        <ele>188.1</ele>
      </trkpt>
      <trkpt lat="42.65463" lon="-86.18422">
        <ele>188.1</ele>
      </trkpt>
      <trkpt lat="42.65463" lon="-86.18414">
        <ele>188.1</ele>
      </trkpt>
      <trkpt lat="42.65463" lon="-86.18393">
        <ele>188.0</ele>
      </trkpt>
      <trkpt lat="42.65465" lon="-86.1834">
        <ele>187.9</ele>
      </trkpt>
      <trkpt lat="42.65467" lon="-86.18308">
        <ele>187.7</ele>
      </trkpt>
      <trkpt lat="42.65469" lon="-86.18284">
        <ele>187.4</ele>
      </trkpt>
      <trkpt lat="42.65478" lon="-86.1816">
        <ele>186.9</ele>
      </trkpt>
      <trkpt lat="42.65482" lon="-86.18108">
        <ele>186.7</ele>
      </trkpt>
      <trkpt lat="42.65492" lon="-86.17987">
        <ele>186.3</ele>
      </trkpt>
      <trkpt lat="42.65492" lon="-86.1798">
        <ele>186.3</ele>
      </trkpt>
      <trkpt lat="42.65494" lon="-86.17949">
        <ele>186.3</ele>
      </trkpt>
      <trkpt lat="42.65494" lon="-86.17949">
        <ele>186.3</ele>
      </trkpt>
      <trkpt lat="42.65496" lon="-86.17919">
        <ele>186.3</ele>
      </trkpt>
      <trkpt lat="42.65497" lon="-86.17876">
        <ele>186.3</ele>
      </trkpt>
      <trkpt lat="42.65497" lon="-86.17865">
        <ele>186.2</ele>
      </trkpt>
      <trkpt lat="42.65498" lon="-86.17861">
        <ele>186.3</ele>
      </trkpt>
      <trkpt lat="42.65497" lon="-86.17835">
        <ele>186.2</ele>
      </trkpt>
      <trkpt lat="42.65497" lon="-86.17829">
        <ele>186.2</ele>
      </trkpt>
      <trkpt lat="42.65497" lon="-86.17799">
        <ele>186.2</ele>
      </trkpt>
      <trkpt lat="42.65496" lon="-86.1777">
        <ele>186.2</ele>
      </trkpt>
      <trkpt lat="42.65493" lon="-86.17732">
        <ele>186.2</ele>
      </trkpt>
      <trkpt lat="42.65491" lon="-86.17708">
        <ele>186.0</ele>
      </trkpt>
      <trkpt lat="42.65489" lon="-86.17684">
        <ele>185.8</ele>
      </trkpt>
      <trkpt lat="42.65486" lon="-86.17632">
        <ele>185.9</ele>
      </trkpt>
      <trkpt lat="42.65482" lon="-86.17564">
        <ele>186.8</ele>
      </trkpt>
      <trkpt lat="42.6548" lon="-86.17534">
        <ele>187.2</ele>
      </trkpt>
      <trkpt lat="42.65475" lon="-86.17452">
        <ele>188.8</ele>
      </trkpt>
      <trkpt lat="42.65474" lon="-86.17432">
        <ele>188.8</ele>
      </trkpt>
      <trkpt lat="42.65473" lon="-86.17409">
        <ele>188.8</ele>
      </trkpt>
      <trkpt lat="42.65472" lon="-86.1739">
        <ele>188.8</ele>
      </trkpt>
      <trkpt lat="42.65472" lon="-86.17376">
        <ele>188.8</ele>
      </trkpt>
      <trkpt lat="42.65472" lon="-86.17363">
        <ele>188.8</ele>
      </trkpt>
      <trkpt lat="42.65473" lon="-86.17352">
        <ele>188.8</ele>
      </trkpt>
      <trkpt lat="42.65474" lon="-86.17342">
        <ele>188.8</ele>
      </trkpt>
      <trkpt lat="42.65476" lon="-86.17329">
        <ele>188.8</ele>
      </trkpt>
      <trkpt lat="42.65479" lon="-86.17314">
        <ele>188.8</ele>
      </trkpt>
      <trkpt lat="42.65487" lon="-86.17287">
        <ele>188.8</ele>
      </trkpt>
      <trkpt lat="42.65531" lon="-86.17136">
        <ele>189.4</ele>
      </trkpt>
      <trkpt lat="42.65537" lon="-86.17118">
        <ele>189.5</ele>
      </trkpt>
      <trkpt lat="42.6556" lon="-86.17043">
        <ele>189.7</ele>
      </trkpt>
      <trkpt lat="42.65567" lon="-86.1702">
        <ele>189.8</ele>
      </trkpt>
      <trkpt lat="42.65602" lon="-86.16898">
        <ele>190.4</ele>
      </trkpt>
      <trkpt lat="42.6561" lon="-86.16874">
        <ele>190.6</ele>
      </trkpt>
      <trkpt lat="42.65615" lon="-86.16853">
        <ele>190.7</ele>
      </trkpt>
      <trkpt lat="42.65648" lon="-86.16742">
        <ele>190.7</ele>
      </trkpt>
      <trkpt lat="42.65687" lon="-86.16605">
        <ele>190.8</ele>
      </trkpt>
      <trkpt lat="42.65711" lon="-86.16526">
        <ele>191.1</ele>
      </trkpt>
      <trkpt lat="42.6574" lon="-86.16426">
        <ele>191.5</ele>
      </trkpt>
      <trkpt lat="42.65747" lon="-86.16408">
        <ele>191.4</ele>
      </trkpt>
      <trkpt lat="42.6575" lon="-86.16399">
        <ele>191.3</ele>
      </trkpt>
      <trkpt lat="42.65757" lon="-86.16382">
        <ele>191.4</ele>
      </trkpt>
      <trkpt lat="42.65766" lon="-86.16364">
        <ele>191.5</ele>
      </trkpt>
      <trkpt lat="42.65775" lon="-86.16348">
        <ele>191.7</ele>
      </trkpt>
      <trkpt lat="42.65795" lon="-86.16314">
        <ele>191.9</ele>
      </trkpt>
      <trkpt lat="42.65812" lon="-86.16284">
        <ele>191.8</ele>
      </trkpt>
      <trkpt lat="42.65844" lon="-86.16228">
        <ele>192.6</ele>
      </trkpt>
      <trkpt lat="42.65915" lon="-86.16107">
        <ele>197.2</ele>
      </trkpt>
      <trkpt lat="42.65971" lon="-86.16011">
        <ele>197.6</ele>
      </trkpt>
      <trkpt lat="42.65993" lon="-86.15973">
        <ele>196.4</ele>
      </trkpt>
      <trkpt lat="42.66004" lon="-86.15953">
        <ele>195.7</ele>
      </trkpt>
      <trkpt lat="42.66015" lon="-86.15934">
        <ele>195.0</ele>
      </trkpt>
      <trkpt lat="42.66037" lon="-86.15896">
        <ele>194.3</ele>
      </trkpt>
      <trkpt lat="42.66051" lon="-86.15872">
        <ele>193.5</ele>
      </trkpt>
      <trkpt lat="42.66061" lon="-86.15854">
        <ele>192.7</ele>
      </trkpt>
      <trkpt lat="42.66069" lon="-86.15832">
        <ele>192.2</ele>
      </trkpt>
      <trkpt lat="42.66078" lon="-86.15811">
        <ele>191.2</ele>
      </trkpt>
      <trkpt lat="42.66086" lon="-86.15789">
        <ele>188.2</ele>
      </trkpt>
      <trkpt lat="42.66099" lon="-86.15757">
        <ele>184.7</ele>
      </trkpt>
      <trkpt lat="42.6611" lon="-86.15727">
        <ele>182.9</ele>
      </trkpt>
      <trkpt lat="42.66113" lon="-86.15716">
        <ele>182.3</ele>
      </trkpt>
      <trkpt lat="42.66114" lon="-86.1571">
        <ele>181.9</ele>
      </trkpt>
      <trkpt lat="42.66116" lon="-86.15703">
        <ele>181.5</ele>
      </trkpt>
      <trkpt lat="42.66116" lon="-86.157">
        <ele>181.4</ele>
      </trkpt>
      <trkpt lat="42.66116" lon="-86.15699">
        <ele>181.3</ele>
      </trkpt>
      <trkpt lat="42.66117" lon="-86.15693">
        <ele>181.0</ele>
      </trkpt>
      <trkpt lat="42.66117" lon="-86.15687">
        <ele>180.8</ele>
      </trkpt>
      <trkpt lat="42.66117" lon="-86.15679">
        <ele>180.5</ele>
      </trkpt>
      <trkpt lat="42.66115" lon="-86.15657">
        <ele>179.9</ele>
      </trkpt>
      <trkpt lat="42.66113" lon="-86.15637">
        <ele>179.7</ele>
      </trkpt>
      <trkpt lat="42.66112" lon="-86.15632">
        <ele>179.7</ele>
      </trkpt>
      <trkpt lat="42.6611" lon="-86.1562">
        <ele>179.7</ele>
      </trkpt>
      <trkpt lat="42.66108" lon="-86.15608">
        <ele>179.7</ele>
      </trkpt>
      <trkpt lat="42.66105" lon="-86.15584">
        <ele>179.7</ele>
      </trkpt>
      <trkpt lat="42.66098" lon="-86.15544">
        <ele>179.7</ele>
      </trkpt>
      <trkpt lat="42.66097" lon="-86.15536">
        <ele>179.7</ele>
      </trkpt>
      <trkpt lat="42.66085" lon="-86.15464">
        <ele>179.7</ele>
      </trkpt>
      <trkpt lat="42.66078" lon="-86.15417">
        <ele>179.8</ele>
      </trkpt>
      <trkpt lat="42.66074" lon="-86.154">
        <ele>180.0</ele>
      </trkpt>
      <trkpt lat="42.66072" lon="-86.15393">
        <ele>180.3</ele>
      </trkpt>
      <trkpt lat="42.66072" lon="-86.15391">
        <ele>180.3</ele>
      </trkpt>
      <trkpt lat="42.66069" lon="-86.15383">
        <ele>180.7</ele>
      </trkpt>
      <trkpt lat="42.66066" lon="-86.15375">
        <ele>181.2</ele>
      </trkpt>
      <trkpt lat="42.66065" lon="-86.15371">
        <ele>181.4</ele>
      </trkpt>
      <trkpt lat="42.66064" lon="-86.15367">
        <ele>181.6</ele>
      </trkpt>
      <trkpt lat="42.66058" lon="-86.15354">
        <ele>182.5</ele>
      </trkpt>
      <trkpt lat="42.66056" lon="-86.1535">
        <ele>182.9</ele>
      </trkpt>
      <trkpt lat="42.6605" lon="-86.15339">
        <ele>184.1</ele>
      </trkpt>
      <trkpt lat="42.66045" lon="-86.1533">
        <ele>185.3</ele>
      </trkpt>
      <trkpt lat="42.66034" lon="-86.15309">
        <ele>187.9</ele>
      </trkpt>
      <trkpt lat="42.66028" lon="-86.15298">
        <ele>188.7</ele>
      </trkpt>
      <trkpt lat="42.66024" lon="-86.1529">
        <ele>189.2</ele>
      </trkpt>
      <trkpt lat="42.66023" lon="-86.15289">
        <ele>189.2</ele>
      </trkpt>
      <trkpt lat="42.66016" lon="-86.15272">
        <ele>190.2</ele>
      </trkpt>
      <trkpt lat="42.66014" lon="-86.15268">
        <ele>190.4</ele>
      </trkpt>
      <trkpt lat="42.6601" lon="-86.15256">
        <ele>190.8</ele>
      </trkpt>
      <trkpt lat="42.66007" lon="-86.15246">
        <ele>191.2</ele>
      </trkpt>
      <trkpt lat="42.66005" lon="-86.15239">
        <ele>191.5</ele>
      </trkpt>
      <trkpt lat="42.65999" lon="-86.15223">
        <ele>191.8</ele>
      </trkpt>
      <trkpt lat="42.65998" lon="-86.1522">
        <ele>191.9</ele>
      </trkpt>
      <trkpt lat="42.65994" lon="-86.15206">
        <ele>192.0</ele>
      </trkpt>
      <trkpt lat="42.65993" lon="-86.15201">
        <ele>192.0</ele>
      </trkpt>
      <trkpt lat="42.65988" lon="-86.15185">
        <ele>192.1</ele>
      </trkpt>
      <trkpt lat="42.65986" lon="-86.15178">
        <ele>192.1</ele>
      </trkpt>
      <trkpt lat="42.6598" lon="-86.15156">
        <ele>192.4</ele>
      </trkpt>
      <trkpt lat="42.65979" lon="-86.15155">
        <ele>192.4</ele>
      </trkpt>
      <trkpt lat="42.65973" lon="-86.15132">
        <ele>192.5</ele>
      </trkpt>
      <trkpt lat="42.65971" lon="-86.15126">
        <ele>192.5</ele>
      </trkpt>
      <trkpt lat="42.65966" lon="-86.1511">
        <ele>192.6</ele>
      </trkpt>
      <trkpt lat="42.65959" lon="-86.15087">
        <ele>192.7</ele>
      </trkpt>
      <trkpt lat="42.65957" lon="-86.15079">
        <ele>192.8</ele>
      </trkpt>
      <trkpt lat="42.65953" lon="-86.15064">
        <ele>192.8</ele>
      </trkpt>
      <trkpt lat="42.65939" lon="-86.15019">
        <ele>193.3</ele>
      </trkpt>
      <trkpt lat="42.65925" lon="-86.14972">
        <ele>193.4</ele>
      </trkpt>
      <trkpt lat="42.65891" lon="-86.14854">
        <ele>193.4</ele>
      </trkpt>
      <trkpt lat="42.65865" lon="-86.14763">
        <ele>193.4</ele>
      </trkpt>
      <trkpt lat="42.65859" lon="-86.14741">
        <ele>193.4</ele>
      </trkpt>
      <trkpt lat="42.65847" lon="-86.147">
        <ele>193.4</ele>
      </trkpt>
      <trkpt lat="42.65845" lon="-86.14695">
        <ele>193.4</ele>
      </trkpt>
      <trkpt lat="42.6584" lon="-86.14677">
        <ele>193.4</ele>
      </trkpt>
      <trkpt lat="42.65839" lon="-86.14672">
        <ele>193.5</ele>
      </trkpt>
      <trkpt lat="42.6582" lon="-86.14609">
        <ele>193.2</ele>
      </trkpt>
      <trkpt lat="42.65816" lon="-86.14594">
        <ele>193.1</ele>
      </trkpt>
      <trkpt lat="42.65804" lon="-86.14556">
        <ele>193.1</ele>
      </trkpt>
      <trkpt lat="42.65788" lon="-86.14502">
        <ele>193.2</ele>
      </trkpt>
      <trkpt lat="42.65784" lon="-86.14485">
        <ele>193.0</ele>
      </trkpt>
      <trkpt lat="42.65767" lon="-86.14431">
        <ele>192.5</ele>
      </trkpt>
      <trkpt lat="42.65756" lon="-86.14396">
        <ele>192.5</ele>
      </trkpt>
      <trkpt lat="42.65744" lon="-86.1436">
        <ele>192.6</ele>
      </trkpt>
      <trkpt lat="42.65737" lon="-86.14342">
        <ele>192.8</ele>
      </trkpt>
      <trkpt lat="42.6573" lon="-86.14325">
        <ele>192.8</ele>
      </trkpt>
      <trkpt lat="42.65723" lon="-86.14311">
        <ele>192.8</ele>
      </trkpt>
      <trkpt lat="42.65722" lon="-86.1431">
        <ele>192.8</ele>
      </trkpt>
      <trkpt lat="42.65717" lon="-86.143">
        <ele>192.7</ele>
      </trkpt>
      <trkpt lat="42.65711" lon="-86.14291">
        <ele>192.7</ele>
      </trkpt>
      <trkpt lat="42.6571" lon="-86.14289">
        <ele>192.8</ele>
      </trkpt>
      <trkpt lat="42.65701" lon="-86.14278">
        <ele>192.8</ele>
      </trkpt>
      <trkpt lat="42.65696" lon="-86.14272">
        <ele>192.8</ele>
      </trkpt>
      <trkpt lat="42.65684" lon="-86.1426">
        <ele>192.7</ele>
      </trkpt>
      <trkpt lat="42.6561" lon="-86.14188">
        <ele>192.5</ele>
      </trkpt>
      <trkpt lat="42.65596" lon="-86.14174">
        <ele>192.5</ele>
      </trkpt>
      <trkpt lat="42.65537" lon="-86.14117">
        <ele>192.6</ele>
      </trkpt>
      <trkpt lat="42.65507" lon="-86.14087">
        <ele>192.5</ele>
      </trkpt>
      <trkpt lat="42.65479" lon="-86.1406">
        <ele>192.5</ele>
      </trkpt>
      <trkpt lat="42.65464" lon="-86.14046">
        <ele>192.5</ele>
      </trkpt>
      <trkpt lat="42.65431" lon="-86.14014">
        <ele>192.3</ele>
      </trkpt>
      <trkpt lat="42.65391" lon="-86.13975">
        <ele>192.2</ele>
      </trkpt>
      <trkpt lat="42.65376" lon="-86.13961">
        <ele>192.2</ele>
      </trkpt>
      <trkpt lat="42.65361" lon="-86.13947">
        <ele>192.1</ele>
      </trkpt>
      <trkpt lat="42.65355" lon="-86.13941">
        <ele>192.0</ele>
      </trkpt>
      <trkpt lat="42.65332" lon="-86.13918">
        <ele>192.0</ele>
      </trkpt>
      <trkpt lat="42.65289" lon="-86.13875">
        <ele>191.5</ele>
      </trkpt>
      <trkpt lat="42.6523" lon="-86.13818">
        <ele>190.8</ele>
      </trkpt>
      <trkpt lat="42.65218" lon="-86.13805">
        <ele>190.7</ele>
      </trkpt>
      <trkpt lat="42.65212" lon="-86.13797">
        <ele>190.7</ele>
      </trkpt>
      <trkpt lat="42.65205" lon="-86.13788">
        <ele>190.8</ele>
      </trkpt>
      <trkpt lat="42.65198" lon="-86.13775">
        <ele>190.8</ele>
      </trkpt>
      <trkpt lat="42.65194" lon="-86.13764">
        <ele>190.8</ele>
      </trkpt>
      <trkpt lat="42.6519" lon="-86.13752">
        <ele>190.8</ele>
      </trkpt>
      <trkpt lat="42.65187" lon="-86.13742">
        <ele>190.9</ele>
      </trkpt>
      <trkpt lat="42.65187" lon="-86.1374">
        <ele>190.9</ele>
      </trkpt>
      <trkpt lat="42.65186" lon="-86.1373">
        <ele>190.9</ele>
      </trkpt>
      <trkpt lat="42.65185" lon="-86.13718">
        <ele>191.0</ele>
      </trkpt>
      <trkpt lat="42.65185" lon="-86.13716">
        <ele>191.0</ele>
      </trkpt>
      <trkpt lat="42.65185" lon="-86.137">
        <ele>191.0</ele>
      </trkpt>
      <trkpt lat="42.65189" lon="-86.1362">
        <ele>191.1</ele>
      </trkpt>
      <trkpt lat="42.65189" lon="-86.1361">
        <ele>191.1</ele>
      </trkpt>
      <trkpt lat="42.65192" lon="-86.13571">
        <ele>191.3</ele>
      </trkpt>
      <trkpt lat="42.65192" lon="-86.13556">
        <ele>191.3</ele>
      </trkpt>
      <trkpt lat="42.65193" lon="-86.13547">
        <ele>191.3</ele>
      </trkpt>
      <trkpt lat="42.65193" lon="-86.13545">
        <ele>191.3</ele>
      </trkpt>
      <trkpt lat="42.65194" lon="-86.13522">
        <ele>191.3</ele>
      </trkpt>
      <trkpt lat="42.65194" lon="-86.1351">
        <ele>191.3</ele>
      </trkpt>
      <trkpt lat="42.65195" lon="-86.13478">
        <ele>191.4</ele>
      </trkpt>
      <trkpt lat="42.65195" lon="-86.13472">
        <ele>191.4</ele>
      </trkpt>
      <trkpt lat="42.65195" lon="-86.1347">
        <ele>191.5</ele>
      </trkpt>
      <trkpt lat="42.65196" lon="-86.13437">
        <ele>191.6</ele>
      </trkpt>
      <trkpt lat="42.65196" lon="-86.13437">
        <ele>191.6</ele>
      </trkpt>
      <trkpt lat="42.65339" lon="-86.1344">
        <ele>192.4</ele>
      </trkpt>
      <trkpt lat="42.65339" lon="-86.1344">
        <ele>192.4</ele>
      </trkpt>
      <trkpt lat="42.65359" lon="-86.13441">
        <ele>192.6</ele>
      </trkpt>
      <trkpt lat="42.65377" lon="-86.13441">
        <ele>192.8</ele>
      </trkpt>
      <trkpt lat="42.65395" lon="-86.13442">
        <ele>193.0</ele>
      </trkpt>
      <trkpt lat="42.65521" lon="-86.13444">
        <ele>194.5</ele>
      </trkpt>
      <trkpt lat="42.65629" lon="-86.13446">
        <ele>196.6</ele>
      </trkpt>
      <trkpt lat="42.65647" lon="-86.13447">
        <ele>197.2</ele>
      </trkpt>
      <trkpt lat="42.65697" lon="-86.13448">
        <ele>198.7</ele>
      </trkpt>
      <trkpt lat="42.65714" lon="-86.13448">
        <ele>199.2</ele>
      </trkpt>
      <trkpt lat="42.65755" lon="-86.13449">
        <ele>200.7</ele>
      </trkpt>
      <trkpt lat="42.65816" lon="-86.1345">
        <ele>202.7</ele>
      </trkpt>
      <trkpt lat="42.65894" lon="-86.13451">
        <ele>205.1</ele>
      </trkpt>
      <trkpt lat="42.6602" lon="-86.13455">
        <ele>209.9</ele>
      </trkpt>
      <trkpt lat="42.66029" lon="-86.13455">
        <ele>210.4</ele>
      </trkpt>
      <trkpt lat="42.66038" lon="-86.13455">
        <ele>210.9</ele>
      </trkpt>
      <trkpt lat="42.66047" lon="-86.13455">
        <ele>211.4</ele>
      </trkpt>
      <trkpt lat="42.66056" lon="-86.13455">
        <ele>211.6</ele>
      </trkpt>
      <trkpt lat="42.66065" lon="-86.13456">
        <ele>211.7</ele>
      </trkpt>
      <trkpt lat="42.66109" lon="-86.13457">
        <ele>213.6</ele>
      </trkpt>
      <trkpt lat="42.66119" lon="-86.13457">
        <ele>214.1</ele>
      </trkpt>
      <trkpt lat="42.66127" lon="-86.13457">
        <ele>214.3</ele>
      </trkpt>
      <trkpt lat="42.66137" lon="-86.13457">
        <ele>214.2</ele>
      </trkpt>
      <trkpt lat="42.66153" lon="-86.13458">
        <ele>213.7</ele>
      </trkpt>
      <trkpt lat="42.66155" lon="-86.13458">
        <ele>213.7</ele>
      </trkpt>
      <trkpt lat="42.66163" lon="-86.13458">
        <ele>213.6</ele>
      </trkpt>
      <trkpt lat="42.66173" lon="-86.13458">
        <ele>213.6</ele>
      </trkpt>
      <trkpt lat="42.66181" lon="-86.13458">
        <ele>213.7</ele>
      </trkpt>
      <trkpt lat="42.66199" lon="-86.13459">
        <ele>213.8</ele>
      </trkpt>
      <trkpt lat="42.66217" lon="-86.13459">
        <ele>214.0</ele>
      </trkpt>
      <trkpt lat="42.66227" lon="-86.13459">
        <ele>214.1</ele>
      </trkpt>
      <trkpt lat="42.66287" lon="-86.1346">
        <ele>214.2</ele>
      </trkpt>
      <trkpt lat="42.66353" lon="-86.13461">
        <ele>214.9</ele>
      </trkpt>
      <trkpt lat="42.66407" lon="-86.13462">
        <ele>215.2</ele>
      </trkpt>
      <trkpt lat="42.66461" lon="-86.13463">
        <ele>215.5</ele>
      </trkpt>
      <trkpt lat="42.66479" lon="-86.13464">
        <ele>215.6</ele>
      </trkpt>
      <trkpt lat="42.66532" lon="-86.13465">
        <ele>216.5</ele>
      </trkpt>
      <trkpt lat="42.6666" lon="-86.13468">
        <ele>216.9</ele>
      </trkpt>
      <trkpt lat="42.66768" lon="-86.13471">
        <ele>217.5</ele>
      </trkpt>
      <trkpt lat="42.66786" lon="-86.13471">
        <ele>217.6</ele>
      </trkpt>
      <trkpt lat="42.66813" lon="-86.13472">
        <ele>217.6</ele>
      </trkpt>
      <trkpt lat="42.6701" lon="-86.13477">
        <ele>218.1</ele>
      </trkpt>
      <trkpt lat="42.67013" lon="-86.13477">
        <ele>218.1</ele>
      </trkpt>
      <trkpt lat="42.67046" lon="-86.13478">
        <ele>218.1</ele>
      </trkpt>
      <trkpt lat="42.67064" lon="-86.13478">
        <ele>218.0</ele>
      </trkpt>
      <trkpt lat="42.67082" lon="-86.13479">
        <ele>217.9</ele>
      </trkpt>
      <trkpt lat="42.67118" lon="-86.13479">
        <ele>217.8</ele>
      </trkpt>
      <trkpt lat="42.6719" lon="-86.13481">
        <ele>217.2</ele>
      </trkpt>
      <trkpt lat="42.67279" lon="-86.13483">
        <ele>216.2</ele>
      </trkpt>
      <trkpt lat="42.67324" lon="-86.13484">
        <ele>216.5</ele>
      </trkpt>
      <trkpt lat="42.67342" lon="-86.13484">
        <ele>216.5</ele>
      </trkpt>
      <trkpt lat="42.6736" lon="-86.13485">
        <ele>216.5</ele>
      </trkpt>
      <trkpt lat="42.67486" lon="-86.13487">
        <ele>217.5</ele>
      </trkpt>
      <trkpt lat="42.67504" lon="-86.13487">
        <ele>217.7</ele>
      </trkpt>
      <trkpt lat="42.67522" lon="-86.13488">
        <ele>217.8</ele>
      </trkpt>
      <trkpt lat="42.67612" lon="-86.1349">
        <ele>218.4</ele>
      </trkpt>
      <trkpt lat="42.67663" lon="-86.13491">
        <ele>218.9</ele>
      </trkpt>
      <trkpt lat="42.67771" lon="-86.13493">
        <ele>220.2</ele>
      </trkpt>
      <trkpt lat="42.67804" lon="-86.13494">
        <ele>220.1</ele>
      </trkpt>
      <trkpt lat="42.67825" lon="-86.13494">
        <ele>219.9</ele>
      </trkpt>
      <trkpt lat="42.67843" lon="-86.13495">
        <ele>219.9</ele>
      </trkpt>
      <trkpt lat="42.67865" lon="-86.13496">
        <ele>219.7</ele>
      </trkpt>
      <trkpt lat="42.67957" lon="-86.13498">
        <ele>219.7</ele>
      </trkpt>
      <trkpt lat="42.68029" lon="-86.135">
        <ele>221.9</ele>
      </trkpt>
      <trkpt lat="42.68119" lon="-86.13503">
        <ele>223.0</ele>
      </trkpt>
      <trkpt lat="42.68137" lon="-86.13503">
        <ele>223.2</ele>
      </trkpt>
      <trkpt lat="42.68158" lon="-86.13504">
        <ele>223.4</ele>
      </trkpt>
      <trkpt lat="42.68158" lon="-86.13504">
        <ele>223.4</ele>
      </trkpt>
      <trkpt lat="42.6816" lon="-86.13348">
        <ele>226.0</ele>
      </trkpt>
      <trkpt lat="42.68163" lon="-86.13128">
        <ele>228.8</ele>
      </trkpt>
      <trkpt lat="42.68164" lon="-86.13079">
        <ele>230.4</ele>
      </trkpt>
      <trkpt lat="42.68164" lon="-86.13079">
        <ele>230.4</ele>
      </trkpt>
      <trkpt lat="42.68167" lon="-86.12884">
        <ele>233.5</ele>
      </trkpt>
      <trkpt lat="42.68168" lon="-86.1277">
        <ele>234.8</ele>
      </trkpt>
      <trkpt lat="42.68168" lon="-86.12761">
        <ele>234.7</ele>
      </trkpt>
      <trkpt lat="42.68172" lon="-86.12517">
        <ele>229.7</ele>
      </trkpt>
      <trkpt lat="42.68174" lon="-86.12345">
        <ele>227.3</ele>
      </trkpt>
      <trkpt lat="42.68174" lon="-86.12321">
        <ele>227.0</ele>
      </trkpt>
      <trkpt lat="42.68174" lon="-86.12297">
        <ele>226.6</ele>
      </trkpt>
      <trkpt lat="42.68175" lon="-86.12231">
        <ele>225.5</ele>
      </trkpt>
      <trkpt lat="42.68176" lon="-86.12076">
        <ele>222.3</ele>
      </trkpt>
      <trkpt lat="42.68177" lon="-86.12003">
        <ele>221.8</ele>
      </trkpt>
      <trkpt lat="42.68177" lon="-86.11978">
        <ele>221.6</ele>
      </trkpt>
      <trkpt lat="42.68178" lon="-86.11955">
        <ele>221.5</ele>
      </trkpt>
      <trkpt lat="42.68179" lon="-86.11832">
        <ele>221.4</ele>
      </trkpt>
      <trkpt lat="42.6818" lon="-86.11741">
        <ele>221.5</ele>
      </trkpt>
      <trkpt lat="42.68181" lon="-86.11669">
        <ele>221.0</ele>
      </trkpt>
      <trkpt lat="42.68182" lon="-86.11547">
        <ele>222.6</ele>
      </trkpt>
      <trkpt lat="42.68183" lon="-86.11458">
        <ele>222.6</ele>
      </trkpt>
      <trkpt lat="42.68184" lon="-86.11419">
        <ele>222.3</ele>
      </trkpt>
      <trkpt lat="42.68184" lon="-86.11375">
        <ele>221.9</ele>
      </trkpt>
      <trkpt lat="42.68185" lon="-86.11311">
        <ele>221.4</ele>
      </trkpt>
      <trkpt lat="42.68185" lon="-86.11251">
        <ele>221.1</ele>
      </trkpt>
      <trkpt lat="42.68186" lon="-86.11199">
        <ele>220.8</ele>
      </trkpt>
      <trkpt lat="42.68189" lon="-86.1087">
        <ele>219.0</ele>
      </trkpt>
      <trkpt lat="42.68189" lon="-86.10846">
        <ele>219.0</ele>
      </trkpt>
      <trkpt lat="42.6819" lon="-86.10822">
        <ele>218.9</ele>
      </trkpt>
      <trkpt lat="42.6819" lon="-86.10773">
        <ele>218.4</ele>
      </trkpt>
      <trkpt lat="42.68194" lon="-86.10357">
        <ele>216.3</ele>
      </trkpt>
      <trkpt lat="42.68195" lon="-86.10227">
        <ele>216.4</ele>
      </trkpt>
      <trkpt lat="42.68197" lon="-86.09983">
        <ele>217.3</ele>
      </trkpt>
      <trkpt lat="42.68199" lon="-86.09864">
        <ele>216.3</ele>
      </trkpt>
      <trkpt lat="42.68199" lon="-86.09812">
        <ele>216.3</ele>
      </trkpt>
      <trkpt lat="42.68199" lon="-86.09787">
        <ele>216.3</ele>
      </trkpt>
      <trkpt lat="42.68201" lon="-86.09616">
        <ele>216.9</ele>
      </trkpt>
      <trkpt lat="42.68202" lon="-86.09542">
        <ele>217.2</ele>
      </trkpt>
      <trkpt lat="42.68202" lon="-86.09518">
        <ele>217.2</ele>
      </trkpt>
      <trkpt lat="42.68203" lon="-86.09371">
        <ele>218.1</ele>
      </trkpt>
      <trkpt lat="42.682039" lon="-86.09318">
        <ele>218.4</ele>
      </trkpt>
      <trkpt lat="42.68204" lon="-86.093154">
        <ele>218.4</ele>
      </trkpt>
      <trkpt lat="42.68204" lon="-86.09314">
        <ele>218.5</ele>
      </trkpt>
      <trkpt lat="42.68204" lon="-86.09314">
        <ele>218.5</ele>
      </trkpt>
      <trkpt lat="42.682047" lon="-86.093141">
        <ele>218.5</ele>
      </trkpt>
      <trkpt lat="42.682061" lon="-86.093142">
        <ele>218.5</ele>
      </trkpt>
      <trkpt lat="42.68229" lon="-86.09316">
        <ele>218.6</ele>
      </trkpt>
      <trkpt lat="42.68229" lon="-86.09316">
        <ele>218.6</ele>
      </trkpt>
      <trkpt lat="42.68496" lon="-86.09335">
        <ele>217.1</ele>
      </trkpt>
      <trkpt lat="42.68514" lon="-86.09336">
        <ele>216.9</ele>
      </trkpt>
      <trkpt lat="42.68532" lon="-86.09337">
        <ele>216.8</ele>
      </trkpt>
      <trkpt lat="42.6855" lon="-86.09339">
        <ele>216.8</ele>
      </trkpt>
      <trkpt lat="42.68568" lon="-86.0934">
        <ele>216.8</ele>
      </trkpt>
      <trkpt lat="42.68577" lon="-86.0934">
        <ele>216.7</ele>
      </trkpt>
      <trkpt lat="42.68622" lon="-86.09343">
        <ele>216.2</ele>
      </trkpt>
      <trkpt lat="42.6864" lon="-86.09344">
        <ele>216.1</ele>
      </trkpt>
      <trkpt lat="42.68748" lon="-86.09351">
        <ele>215.0</ele>
      </trkpt>
      <trkpt lat="42.68928" lon="-86.09362">
        <ele>213.5</ele>
      </trkpt>
      <trkpt lat="42.68945" lon="-86.09363">
        <ele>213.4</ele>
      </trkpt>
      <trkpt lat="42.69071" lon="-86.09371">
        <ele>212.2</ele>
      </trkpt>
      <trkpt lat="42.69089" lon="-86.09372">
        <ele>212.2</ele>
      </trkpt>
      <trkpt lat="42.69197" lon="-86.09379">
        <ele>211.3</ele>
      </trkpt>
      <trkpt lat="42.69215" lon="-86.0938">
        <ele>211.1</ele>
      </trkpt>
      <trkpt lat="42.69233" lon="-86.09381">
        <ele>211.0</ele>
      </trkpt>
      <trkpt lat="42.69323" lon="-86.09387">
        <ele>210.3</ele>
      </trkpt>
      <trkpt lat="42.69384" lon="-86.0939">
        <ele>211.0</ele>
      </trkpt>
      <trkpt lat="42.6942" lon="-86.09393">
        <ele>211.5</ele>
      </trkpt>
      <trkpt lat="42.69492" lon="-86.09397">
        <ele>212.5</ele>
      </trkpt>
      <trkpt lat="42.69581" lon="-86.09402">
        <ele>213.1</ele>
      </trkpt>
      <trkpt lat="42.69599" lon="-86.09403">
        <ele>213.1</ele>
      </trkpt>
      <trkpt lat="42.69653" lon="-86.09406">
        <ele>214.2</ele>
      </trkpt>
      <trkpt lat="42.69709" lon="-86.0941">
        <ele>216.3</ele>
      </trkpt>
      <trkpt lat="42.69727" lon="-86.09411">
        <ele>216.5</ele>
      </trkpt>
      <trkpt lat="42.69736" lon="-86.09411">
        <ele>216.5</ele>
      </trkpt>
      <trkpt lat="42.69763" lon="-86.09413">
        <ele>216.8</ele>
      </trkpt>
      <trkpt lat="42.69766" lon="-86.09413">
        <ele>216.9</ele>
      </trkpt>
      <trkpt lat="42.69781" lon="-86.09414">
        <ele>216.9</ele>
      </trkpt>
      <trkpt lat="42.69829" lon="-86.09417">
        <ele>217.2</ele>
      </trkpt>
      <trkpt lat="42.69925" lon="-86.09422">
        <ele>217.5</ele>
      </trkpt>
      <trkpt lat="42.69928" lon="-86.09422">
        <ele>217.7</ele>
      </trkpt>
      <trkpt lat="42.69979" lon="-86.09425">
        <ele>219.3</ele>
      </trkpt>
      <trkpt lat="42.70086" lon="-86.09431">
        <ele>219.7</ele>
      </trkpt>
      <trkpt lat="42.7009" lon="-86.09431">
        <ele>219.8</ele>
      </trkpt>
      <trkpt lat="42.70104" lon="-86.09432">
        <ele>219.9</ele>
      </trkpt>
      <trkpt lat="42.70108" lon="-86.09432">
        <ele>219.9</ele>
      </trkpt>
      <trkpt lat="42.70252" lon="-86.0944">
        <ele>221.8</ele>
      </trkpt>
      <trkpt lat="42.70288" lon="-86.09442">
        <ele>222.0</ele>
      </trkpt>
      <trkpt lat="42.70302" lon="-86.09443">
        <ele>221.9</ele>
      </trkpt>
      <trkpt lat="42.70306" lon="-86.09443">
        <ele>221.9</ele>
      </trkpt>
      <trkpt lat="42.70356" lon="-86.09446">
        <ele>220.9</ele>
      </trkpt>
      <trkpt lat="42.70359" lon="-86.09446">
        <ele>220.8</ele>
      </trkpt>
      <trkpt lat="42.70376" lon="-86.09448">
        <ele>220.3</ele>
      </trkpt>
      <trkpt lat="42.70507" lon="-86.09454">
        <ele>219.3</ele>
      </trkpt>
      <trkpt lat="42.70561" lon="-86.09457">
        <ele>219.3</ele>
      </trkpt>
      <trkpt lat="42.70759" lon="-86.09467">
        <ele>219.4</ele>
      </trkpt>
      <trkpt lat="42.70777" lon="-86.09468">
        <ele>219.3</ele>
      </trkpt>
      <trkpt lat="42.70795" lon="-86.09469">
        <ele>219.2</ele>
      </trkpt>
      <trkpt lat="42.70813" lon="-86.0947">
        <ele>219.3</ele>
      </trkpt>
      <trkpt lat="42.70831" lon="-86.0947">
        <ele>219.1</ele>
      </trkpt>
      <trkpt lat="42.70848" lon="-86.09471">
        <ele>218.6</ele>
      </trkpt>
      <trkpt lat="42.70867" lon="-86.09472">
        <ele>217.6</ele>
      </trkpt>
      <trkpt lat="42.70885" lon="-86.09473">
        <ele>216.7</ele>
      </trkpt>
      <trkpt lat="42.70929" lon="-86.09476">
        <ele>216.3</ele>
      </trkpt>
      <trkpt lat="42.70939" lon="-86.09477">
        <ele>216.3</ele>
      </trkpt>
      <trkpt lat="42.70978" lon="-86.09478">
        <ele>215.9</ele>
      </trkpt>
      <trkpt lat="42.71028" lon="-86.09481">
        <ele>214.0</ele>
      </trkpt>
      <trkpt lat="42.71043" lon="-86.09481">
        <ele>213.5</ele>
      </trkpt>
      <trkpt lat="42.71046" lon="-86.09481">
        <ele>213.4</ele>
      </trkpt>
      <trkpt lat="42.711" lon="-86.09484">
        <ele>213.6</ele>
      </trkpt>
      <trkpt lat="42.71175" lon="-86.09488">
        <ele>213.9</ele>
      </trkpt>
      <trkpt lat="42.71208" lon="-86.0949">
        <ele>213.7</ele>
      </trkpt>
      <trkpt lat="42.71213" lon="-86.0949">
        <ele>213.7</ele>
      </trkpt>
      <trkpt lat="42.71224" lon="-86.0949">
        <ele>213.7</ele>
      </trkpt>
      <trkpt lat="42.71249" lon="-86.09492">
        <ele>213.7</ele>
      </trkpt>
      <trkpt lat="42.71275" lon="-86.09493">
        <ele>213.4</ele>
      </trkpt>
      <trkpt lat="42.71285" lon="-86.09494">
        <ele>213.3</ele>
      </trkpt>
      <trkpt lat="42.71315" lon="-86.09495">
        <ele>213.1</ele>
      </trkpt>
      <trkpt lat="42.7134" lon="-86.09496">
        <ele>212.1</ele>
      </trkpt>
      <trkpt lat="42.7136" lon="-86.09497">
        <ele>211.2</ele>
      </trkpt>
      <trkpt lat="42.71378" lon="-86.09498">
        <ele>211.0</ele>
      </trkpt>
      <trkpt lat="42.71395" lon="-86.09499">
        <ele>210.7</ele>
      </trkpt>
      <trkpt lat="42.71485" lon="-86.09504">
        <ele>211.4</ele>
      </trkpt>
      <trkpt lat="42.71611" lon="-86.0951">
        <ele>210.9</ele>
      </trkpt>
      <trkpt lat="42.71629" lon="-86.0951">
        <ele>211.2</ele>
      </trkpt>
      <trkpt lat="42.71739" lon="-86.09516">
        <ele>210.0</ele>
      </trkpt>
      <trkpt lat="42.71787" lon="-86.09518">
        <ele>209.7</ele>
      </trkpt>
      <trkpt lat="42.7183" lon="-86.0952">
        <ele>209.5</ele>
      </trkpt>
      <trkpt lat="42.71923" lon="-86.09526">
        <ele>208.9</ele>
      </trkpt>
      <trkpt lat="42.71937" lon="-86.09526">
        <ele>208.8</ele>
      </trkpt>
      <trkpt lat="42.71941" lon="-86.09527">
        <ele>208.8</ele>
      </trkpt>
      <trkpt lat="42.7212" lon="-86.09536">
        <ele>209.2</ele>
      </trkpt>
      <trkpt lat="42.72321" lon="-86.09546">
        <ele>209.7</ele>
      </trkpt>
      <trkpt lat="42.72429" lon="-86.09551">
        <ele>210.0</ele>
      </trkpt>
      <trkpt lat="42.72555" lon="-86.09557">
        <ele>209.5</ele>
      </trkpt>
      <trkpt lat="42.72607" lon="-86.0956">
        <ele>209.3</ele>
      </trkpt>
      <trkpt lat="42.72894" lon="-86.09571">
        <ele>207.7</ele>
      </trkpt>
      <trkpt lat="42.7292" lon="-86.09572">
        <ele>207.5</ele>
      </trkpt>
      <trkpt lat="42.73099" lon="-86.09578">
        <ele>207.1</ele>
      </trkpt>
      <trkpt lat="42.73284" lon="-86.09586">
        <ele>207.1</ele>
      </trkpt>
      <trkpt lat="42.73392" lon="-86.0959">
        <ele>207.1</ele>
      </trkpt>
      <trkpt lat="42.7341" lon="-86.09591">
        <ele>206.9</ele>
      </trkpt>
      <trkpt lat="42.73428" lon="-86.09591">
        <ele>206.8</ele>
      </trkpt>
      <trkpt lat="42.73446" lon="-86.09592">
        <ele>206.8</ele>
      </trkpt>
      <trkpt lat="42.73535" lon="-86.09595">
        <ele>207.7</ele>
      </trkpt>
      <trkpt lat="42.73589" lon="-86.09597">
        <ele>208.0</ele>
      </trkpt>
      <trkpt lat="42.73642" lon="-86.09599">
        <ele>208.9</ele>
      </trkpt>
      <trkpt lat="42.73673" lon="-86.096">
        <ele>209.0</ele>
      </trkpt>
      <trkpt lat="42.73682" lon="-86.096">
        <ele>209.1</ele>
      </trkpt>
      <trkpt lat="42.73689" lon="-86.096">
        <ele>209.1</ele>
      </trkpt>
      <trkpt lat="42.73701" lon="-86.09601">
        <ele>209.2</ele>
      </trkpt>
      <trkpt lat="42.73736" lon="-86.09601">
        <ele>209.5</ele>
      </trkpt>
      <trkpt lat="42.73788" lon="-86.09604">
        <ele>210.2</ele>
      </trkpt>
      <trkpt lat="42.73793" lon="-86.09604">
        <ele>210.0</ele>
      </trkpt>
      <trkpt lat="42.73806" lon="-86.09604">
        <ele>209.5</ele>
      </trkpt>
      <trkpt lat="42.73829" lon="-86.09605">
        <ele>208.2</ele>
      </trkpt>
      <trkpt lat="42.73914" lon="-86.09609">
        <ele>206.9</ele>
      </trkpt>
      <trkpt lat="42.73918" lon="-86.09609">
        <ele>206.8</ele>
      </trkpt>
      <trkpt lat="42.73936" lon="-86.09609">
        <ele>206.5</ele>
      </trkpt>
      <trkpt lat="42.73954" lon="-86.0961">
        <ele>206.5</ele>
      </trkpt>
      <trkpt lat="42.73972" lon="-86.09611">
        <ele>206.3</ele>
      </trkpt>
      <trkpt lat="42.74008" lon="-86.09612">
        <ele>205.9</ele>
      </trkpt>
      <trkpt lat="42.74008" lon="-86.09612">
        <ele>205.9</ele>
      </trkpt>
      <trkpt lat="42.74039" lon="-86.09614">
        <ele>205.9</ele>
      </trkpt>
      <trkpt lat="42.74042" lon="-86.09614">
        <ele>205.9</ele>
      </trkpt>
      <trkpt lat="42.74047" lon="-86.09614">
        <ele>205.9</ele>
      </trkpt>
      <trkpt lat="42.74051" lon="-86.09615">
        <ele>205.9</ele>
      </trkpt>
      <trkpt lat="42.74078" lon="-86.09616">
        <ele>205.9</ele>
      </trkpt>
      <trkpt lat="42.74087" lon="-86.09616">
        <ele>205.9</ele>
      </trkpt>
      <trkpt lat="42.74102" lon="-86.09616">
        <ele>205.9</ele>
      </trkpt>
      <trkpt lat="42.74105" lon="-86.09616">
        <ele>205.9</ele>
      </trkpt>
      <trkpt lat="42.74119" lon="-86.09615">
        <ele>205.9</ele>
      </trkpt>
      <trkpt lat="42.74132" lon="-86.09612">
        <ele>205.9</ele>
      </trkpt>
      <trkpt lat="42.74133" lon="-86.09612">
        <ele>205.9</ele>
      </trkpt>
      <trkpt lat="42.74145" lon="-86.09607">
        <ele>205.9</ele>
      </trkpt>
      <trkpt lat="42.7416" lon="-86.09599">
        <ele>205.9</ele>
      </trkpt>
      <trkpt lat="42.74168" lon="-86.09595">
        <ele>205.9</ele>
      </trkpt>
      <trkpt lat="42.74174" lon="-86.0959">
        <ele>205.9</ele>
      </trkpt>
      <trkpt lat="42.7418" lon="-86.09585">
        <ele>205.9</ele>
      </trkpt>
      <trkpt lat="42.74186" lon="-86.09581">
        <ele>205.9</ele>
      </trkpt>
      <trkpt lat="42.74186" lon="-86.0958">
        <ele>205.9</ele>
      </trkpt>
      <trkpt lat="42.74189" lon="-86.09577">
        <ele>205.9</ele>
      </trkpt>
      <trkpt lat="42.7419" lon="-86.09576">
        <ele>205.9</ele>
      </trkpt>
      <trkpt lat="42.74194" lon="-86.09571">
        <ele>205.9</ele>
      </trkpt>
      <trkpt lat="42.74199" lon="-86.09566">
        <ele>205.9</ele>
      </trkpt>
      <trkpt lat="42.74202" lon="-86.09562">
        <ele>205.9</ele>
      </trkpt>
      <trkpt lat="42.74206" lon="-86.09558">
        <ele>205.9</ele>
      </trkpt>
      <trkpt lat="42.74209" lon="-86.09553">
        <ele>205.9</ele>
      </trkpt>
      <trkpt lat="42.74213" lon="-86.09548">
        <ele>206.0</ele>
      </trkpt>
      <trkpt lat="42.74215" lon="-86.09544">
        <ele>206.0</ele>
      </trkpt>
      <trkpt lat="42.74216" lon="-86.09543">
        <ele>206.0</ele>
      </trkpt>
      <trkpt lat="42.74218" lon="-86.09539">
        <ele>206.1</ele>
      </trkpt>
      <trkpt lat="42.74223" lon="-86.09531">
        <ele>206.2</ele>
      </trkpt>
      <trkpt lat="42.74228" lon="-86.09522">
        <ele>206.2</ele>
      </trkpt>
      <trkpt lat="42.7424" lon="-86.09498">
        <ele>206.3</ele>
      </trkpt>
      <trkpt lat="42.7427" lon="-86.09442">
        <ele>206.5</ele>
      </trkpt>
      <trkpt lat="42.74299" lon="-86.09385">
        <ele>206.9</ele>
      </trkpt>
      <trkpt lat="42.74324" lon="-86.09336">
        <ele>207.1</ele>
      </trkpt>
      <trkpt lat="42.74328" lon="-86.09329">
        <ele>207.1</ele>
      </trkpt>
      <trkpt lat="42.7433" lon="-86.09325">
        <ele>207.1</ele>
      </trkpt>
      <trkpt lat="42.74331" lon="-86.09323">
        <ele>207.1</ele>
      </trkpt>
      <trkpt lat="42.74336" lon="-86.09315">
        <ele>207.1</ele>
      </trkpt>
      <trkpt lat="42.74339" lon="-86.0931">
        <ele>207.1</ele>
      </trkpt>
      <trkpt lat="42.74339" lon="-86.09309">
        <ele>207.1</ele>
      </trkpt>
      <trkpt lat="42.74341" lon="-86.09306">
        <ele>207.1</ele>
      </trkpt>
      <trkpt lat="42.74343" lon="-86.09302">
        <ele>207.1</ele>
      </trkpt>
      <trkpt lat="42.74348" lon="-86.09295">
        <ele>207.1</ele>
      </trkpt>
      <trkpt lat="42.74351" lon="-86.09291">
        <ele>207.1</ele>
      </trkpt>
      <trkpt lat="42.74355" lon="-86.09286">
        <ele>207.1</ele>
      </trkpt>
      <trkpt lat="42.74359" lon="-86.09281">
        <ele>207.1</ele>
      </trkpt>
      <trkpt lat="42.74363" lon="-86.09276">
        <ele>207.1</ele>
      </trkpt>
      <trkpt lat="42.7437" lon="-86.09269">
        <ele>207.1</ele>
      </trkpt>
      <trkpt lat="42.74377" lon="-86.09263">
        <ele>207.1</ele>
      </trkpt>
      <trkpt lat="42.74382" lon="-86.09259">
        <ele>207.1</ele>
      </trkpt>
      <trkpt lat="42.74388" lon="-86.09255">
        <ele>207.1</ele>
      </trkpt>
      <trkpt lat="42.74393" lon="-86.09251">
        <ele>207.1</ele>
      </trkpt>
      <trkpt lat="42.74398" lon="-86.09248">
        <ele>207.0</ele>
      </trkpt>
      <trkpt lat="42.74401" lon="-86.09246">
        <ele>207.0</ele>
      </trkpt>
      <trkpt lat="42.74405" lon="-86.09244">
        <ele>206.9</ele>
      </trkpt>
      <trkpt lat="42.74409" lon="-86.09242">
        <ele>206.9</ele>
      </trkpt>
      <trkpt lat="42.74414" lon="-86.09241">
        <ele>206.8</ele>
      </trkpt>
      <trkpt lat="42.74419" lon="-86.09239">
        <ele>206.7</ele>
      </trkpt>
      <trkpt lat="42.74424" lon="-86.09237">
        <ele>206.7</ele>
      </trkpt>
      <trkpt lat="42.74429" lon="-86.09235">
        <ele>206.6</ele>
      </trkpt>
      <trkpt lat="42.74433" lon="-86.09234">
        <ele>206.6</ele>
      </trkpt>
      <trkpt lat="42.74439" lon="-86.09233">
        <ele>206.5</ele>
      </trkpt>
      <trkpt lat="42.74444" lon="-86.09232">
        <ele>206.4</ele>
      </trkpt>
      <trkpt lat="42.74447" lon="-86.09232">
        <ele>206.4</ele>
      </trkpt>
      <trkpt lat="42.74449" lon="-86.09231">
        <ele>206.4</ele>
      </trkpt>
      <trkpt lat="42.74451" lon="-86.09231">
        <ele>206.4</ele>
      </trkpt>
      <trkpt lat="42.74454" lon="-86.09231">
        <ele>206.3</ele>
      </trkpt>
      <trkpt lat="42.74461" lon="-86.09231">
        <ele>206.3</ele>
      </trkpt>
      <trkpt lat="42.74466" lon="-86.09231">
        <ele>206.3</ele>
      </trkpt>
      <trkpt lat="42.7447" lon="-86.09231">
        <ele>206.3</ele>
      </trkpt>
      <trkpt lat="42.74476" lon="-86.09232">
        <ele>206.2</ele>
      </trkpt>
      <trkpt lat="42.74482" lon="-86.09233">
        <ele>206.2</ele>
      </trkpt>
      <trkpt lat="42.74488" lon="-86.09235">
        <ele>206.2</ele>
      </trkpt>
      <trkpt lat="42.74492" lon="-86.09236">
        <ele>206.2</ele>
      </trkpt>
      <trkpt lat="42.74498" lon="-86.09238">
        <ele>206.2</ele>
      </trkpt>
      <trkpt lat="42.74505" lon="-86.09241">
        <ele>206.3</ele>
      </trkpt>
      <trkpt lat="42.7451" lon="-86.09243">
        <ele>206.4</ele>
      </trkpt>
      <trkpt lat="42.74514" lon="-86.09246">
        <ele>206.4</ele>
      </trkpt>
      <trkpt lat="42.7452" lon="-86.09249">
        <ele>206.5</ele>
      </trkpt>
      <trkpt lat="42.74521" lon="-86.09249">
        <ele>206.5</ele>
      </trkpt>
      <trkpt lat="42.74527" lon="-86.09253">
        <ele>206.5</ele>
      </trkpt>
      <trkpt lat="42.74529" lon="-86.09254">
        <ele>206.5</ele>
      </trkpt>
      <trkpt lat="42.74534" lon="-86.09258">
        <ele>206.5</ele>
      </trkpt>
      <trkpt lat="42.7454" lon="-86.09263">
        <ele>206.4</ele>
      </trkpt>
      <trkpt lat="42.74545" lon="-86.09267">
        <ele>206.3</ele>
      </trkpt>
      <trkpt lat="42.7455" lon="-86.09272">
        <ele>206.3</ele>
      </trkpt>
      <trkpt lat="42.74555" lon="-86.09277">
        <ele>206.2</ele>
      </trkpt>
      <trkpt lat="42.74559" lon="-86.09282">
        <ele>206.2</ele>
      </trkpt>
      <trkpt lat="42.7456" lon="-86.09283">
        <ele>206.2</ele>
      </trkpt>
      <trkpt lat="42.74565" lon="-86.09289">
        <ele>206.2</ele>
      </trkpt>
      <trkpt lat="42.7457" lon="-86.09295">
        <ele>206.1</ele>
      </trkpt>
      <trkpt lat="42.74575" lon="-86.09304">
        <ele>206.0</ele>
      </trkpt>
      <trkpt lat="42.74576" lon="-86.09304">
        <ele>206.0</ele>
      </trkpt>
      <trkpt lat="42.74578" lon="-86.09308">
        <ele>205.9</ele>
      </trkpt>
      <trkpt lat="42.74579" lon="-86.09309">
        <ele>205.9</ele>
      </trkpt>
      <trkpt lat="42.74582" lon="-86.09315">
        <ele>205.8</ele>
      </trkpt>
      <trkpt lat="42.74587" lon="-86.09324">
        <ele>205.6</ele>
      </trkpt>
      <trkpt lat="42.74591" lon="-86.09334">
        <ele>205.4</ele>
      </trkpt>
      <trkpt lat="42.74596" lon="-86.09346">
        <ele>205.1</ele>
      </trkpt>
      <trkpt lat="42.74598" lon="-86.09352">
        <ele>205.1</ele>
      </trkpt>
      <trkpt lat="42.746" lon="-86.09358">
        <ele>205.0</ele>
      </trkpt>
      <trkpt lat="42.74602" lon="-86.09363">
        <ele>204.9</ele>
      </trkpt>
      <trkpt lat="42.74603" lon="-86.09368">
        <ele>204.9</ele>
      </trkpt>
      <trkpt lat="42.74605" lon="-86.09374">
        <ele>204.8</ele>
      </trkpt>
      <trkpt lat="42.74606" lon="-86.09381">
        <ele>204.7</ele>
      </trkpt>
      <trkpt lat="42.74608" lon="-86.0939">
        <ele>204.6</ele>
      </trkpt>
      <trkpt lat="42.7461" lon="-86.094">
        <ele>204.4</ele>
      </trkpt>
      <trkpt lat="42.74614" lon="-86.09434">
        <ele>204.0</ele>
      </trkpt>
      <trkpt lat="42.74619" lon="-86.09473">
        <ele>204.5</ele>
      </trkpt>
      <trkpt lat="42.74622" lon="-86.09497">
        <ele>205.2</ele>
      </trkpt>
      <trkpt lat="42.74624" lon="-86.09511">
        <ele>205.5</ele>
      </trkpt>
      <trkpt lat="42.74624" lon="-86.09512">
        <ele>205.5</ele>
      </trkpt>
      <trkpt lat="42.74625" lon="-86.09516">
        <ele>205.5</ele>
      </trkpt>
      <trkpt lat="42.74625" lon="-86.09518">
        <ele>205.6</ele>
      </trkpt>
      <trkpt lat="42.74626" lon="-86.09524">
        <ele>205.6</ele>
      </trkpt>
      <trkpt lat="42.74627" lon="-86.09528">
        <ele>205.7</ele>
      </trkpt>
      <trkpt lat="42.74628" lon="-86.09531">
        <ele>205.7</ele>
      </trkpt>
      <trkpt lat="42.74629" lon="-86.09538">
        <ele>205.7</ele>
      </trkpt>
      <trkpt lat="42.74629" lon="-86.09539">
        <ele>205.7</ele>
      </trkpt>
      <trkpt lat="42.74631" lon="-86.09546">
        <ele>205.7</ele>
      </trkpt>
      <trkpt lat="42.74634" lon="-86.09554">
        <ele>205.6</ele>
      </trkpt>
      <trkpt lat="42.74636" lon="-86.09562">
        <ele>205.6</ele>
      </trkpt>
      <trkpt lat="42.74637" lon="-86.09562">
        <ele>205.5</ele>
      </trkpt>
      <trkpt lat="42.74639" lon="-86.09569">
        <ele>205.5</ele>
      </trkpt>
      <trkpt lat="42.74642" lon="-86.09575">
        <ele>205.4</ele>
      </trkpt>
      <trkpt lat="42.74646" lon="-86.09582">
        <ele>205.4</ele>
      </trkpt>
      <trkpt lat="42.74649" lon="-86.09588">
        <ele>205.3</ele>
      </trkpt>
      <trkpt lat="42.74655" lon="-86.09597">
        <ele>205.3</ele>
      </trkpt>
      <trkpt lat="42.74661" lon="-86.09606">
        <ele>205.2</ele>
      </trkpt>
      <trkpt lat="42.74666" lon="-86.09612">
        <ele>205.2</ele>
      </trkpt>
      <trkpt lat="42.74671" lon="-86.09616">
        <ele>205.1</ele>
      </trkpt>
      <trkpt lat="42.74676" lon="-86.09622">
        <ele>205.0</ele>
      </trkpt>
      <trkpt lat="42.74682" lon="-86.09626">
        <ele>205.0</ele>
      </trkpt>
      <trkpt lat="42.74688" lon="-86.0963">
        <ele>204.9</ele>
      </trkpt>
      <trkpt lat="42.74693" lon="-86.09634">
        <ele>204.9</ele>
      </trkpt>
      <trkpt lat="42.74701" lon="-86.09638">
        <ele>204.8</ele>
      </trkpt>
      <trkpt lat="42.74709" lon="-86.09641">
        <ele>204.7</ele>
      </trkpt>
      <trkpt lat="42.74719" lon="-86.09644">
        <ele>204.6</ele>
      </trkpt>
      <trkpt lat="42.74727" lon="-86.09646">
        <ele>204.6</ele>
      </trkpt>
      <trkpt lat="42.74735" lon="-86.09647">
        <ele>204.5</ele>
      </trkpt>
      <trkpt lat="42.74753" lon="-86.09648">
        <ele>204.4</ele>
      </trkpt>
      <trkpt lat="42.74806" lon="-86.0965">
        <ele>204.1</ele>
      </trkpt>
      <trkpt lat="42.74834" lon="-86.09652">
        <ele>204.1</ele>
      </trkpt>
      <trkpt lat="42.74888" lon="-86.09654">
        <ele>204.1</ele>
      </trkpt>
      <trkpt lat="42.74896" lon="-86.09654">
        <ele>204.1</ele>
      </trkpt>
      <trkpt lat="42.74906" lon="-86.09655">
        <ele>204.0</ele>
      </trkpt>
      <trkpt lat="42.7495" lon="-86.09657">
        <ele>202.4</ele>
      </trkpt>
      <trkpt lat="42.74968" lon="-86.09658">
        <ele>202.5</ele>
      </trkpt>
      <trkpt lat="42.75008" lon="-86.09659">
        <ele>203.0</ele>
      </trkpt>
      <trkpt lat="42.75092" lon="-86.09663">
        <ele>203.9</ele>
      </trkpt>
      <trkpt lat="42.75117" lon="-86.09664">
        <ele>204.2</ele>
      </trkpt>
      <trkpt lat="42.75198" lon="-86.09668">
        <ele>207.6</ele>
      </trkpt>
      <trkpt lat="42.75213" lon="-86.09668">
        <ele>208.3</ele>
      </trkpt>
      <trkpt lat="42.75217" lon="-86.09668">
        <ele>208.5</ele>
      </trkpt>
      <trkpt lat="42.75252" lon="-86.0967">
        <ele>209.8</ele>
      </trkpt>
      <trkpt lat="42.75254" lon="-86.0967">
        <ele>209.8</ele>
      </trkpt>
      <trkpt lat="42.75289" lon="-86.09672">
        <ele>210.6</ele>
      </trkpt>
      <trkpt lat="42.75298" lon="-86.09672">
        <ele>210.7</ele>
      </trkpt>
      <trkpt lat="42.75306" lon="-86.09672">
        <ele>210.7</ele>
      </trkpt>
      <trkpt lat="42.75334" lon="-86.09674">
        <ele>210.5</ele>
      </trkpt>
      <trkpt lat="42.75342" lon="-86.09674">
        <ele>210.4</ele>
      </trkpt>
      <trkpt lat="42.75343" lon="-86.09674">
        <ele>210.4</ele>
      </trkpt>
      <trkpt lat="42.7536" lon="-86.09675">
        <ele>210.2</ele>
      </trkpt>
      <trkpt lat="42.75406" lon="-86.09677">
        <ele>209.2</ele>
      </trkpt>
      <trkpt lat="42.75461" lon="-86.0968">
        <ele>207.8</ele>
      </trkpt>
      <trkpt lat="42.75461" lon="-86.0968">
        <ele>207.8</ele>
      </trkpt>
      <trkpt lat="42.75461" lon="-86.09746">
        <ele>207.6</ele>
      </trkpt>
      <trkpt lat="42.75459" lon="-86.0977">
        <ele>207.5</ele>
      </trkpt>
      <trkpt lat="42.75458" lon="-86.09784">
        <ele>207.5</ele>
      </trkpt>
      <trkpt lat="42.75458" lon="-86.09809">
        <ele>207.7</ele>
      </trkpt>
      <trkpt lat="42.75457" lon="-86.09841">
        <ele>207.9</ele>
      </trkpt>
      <trkpt lat="42.75457" lon="-86.09877">
        <ele>207.9</ele>
      </trkpt>
      <trkpt lat="42.75457" lon="-86.09877">
        <ele>207.9</ele>
      </trkpt>
      <trkpt lat="42.75455" lon="-86.09962">
        <ele>207.9</ele>
      </trkpt>
      <trkpt lat="42.75452" lon="-86.10127">
        <ele>208.0</ele>
      </trkpt>
      <trkpt lat="42.7545" lon="-86.102">
        <ele>209.9</ele>
      </trkpt>
      <trkpt lat="42.7545" lon="-86.10242">
        <ele>210.0</ele>
      </trkpt>
      <trkpt lat="42.75449" lon="-86.10342">
        <ele>210.5</ele>
      </trkpt>
      <trkpt lat="42.75449" lon="-86.10344">
        <ele>210.5</ele>
      </trkpt>
      <trkpt lat="42.75448" lon="-86.10391">
        <ele>210.4</ele>
      </trkpt>
      <trkpt lat="42.75447" lon="-86.1044">
        <ele>210.1</ele>
      </trkpt>
      <trkpt lat="42.75446" lon="-86.10501">
        <ele>209.8</ele>
      </trkpt>
      <trkpt lat="42.75445" lon="-86.10601">
        <ele>209.9</ele>
      </trkpt>
      <trkpt lat="42.75443" lon="-86.10662">
        <ele>208.6</ele>
      </trkpt>
      <trkpt lat="42.75443" lon="-86.10662">
        <ele>208.6</ele>
      </trkpt>
      <trkpt lat="42.75499" lon="-86.10664">
        <ele>209.7</ele>
      </trkpt>
      <trkpt lat="42.75522" lon="-86.10664">
        <ele>210.1</ele>
      </trkpt>
      <trkpt lat="42.75574" lon="-86.10666">
        <ele>209.9</ele>
      </trkpt>
      <trkpt lat="42.75576" lon="-86.10666">
        <ele>209.9</ele>
      </trkpt>
      <trkpt lat="42.75602" lon="-86.10667">
        <ele>209.2</ele>
      </trkpt>
      <trkpt lat="42.75649" lon="-86.10669">
        <ele>207.2</ele>
      </trkpt>
      <trkpt lat="42.75678" lon="-86.10669">
        <ele>207.2</ele>
      </trkpt>
      <trkpt lat="42.75705" lon="-86.1067">
        <ele>207.1</ele>
      </trkpt>
      <trkpt lat="42.75716" lon="-86.1067">
        <ele>206.9</ele>
      </trkpt>
      <trkpt lat="42.75733" lon="-86.10671">
        <ele>206.4</ele>
      </trkpt>
      <trkpt lat="42.75749" lon="-86.10671">
        <ele>205.9</ele>
      </trkpt>
      <trkpt lat="42.7579" lon="-86.10673">
        <ele>204.6</ele>
      </trkpt>
      <trkpt lat="42.75807" lon="-86.10674">
        <ele>204.1</ele>
      </trkpt>
      <trkpt lat="42.75825" lon="-86.10674">
        <ele>203.6</ele>
      </trkpt>
      <trkpt lat="42.75851" lon="-86.10674">
        <ele>202.9</ele>
      </trkpt>
      <trkpt lat="42.75863" lon="-86.10674">
        <ele>202.5</ele>
      </trkpt>
      <trkpt lat="42.75881" lon="-86.10676">
        <ele>202.1</ele>
      </trkpt>
      <trkpt lat="42.75901" lon="-86.10676">
        <ele>201.6</ele>
      </trkpt>
      <trkpt lat="42.75906" lon="-86.10676">
        <ele>201.5</ele>
      </trkpt>
      <trkpt lat="42.75916" lon="-86.10676">
        <ele>201.2</ele>
      </trkpt>
      <trkpt lat="42.75916" lon="-86.10676">
        <ele>201.2</ele>
      </trkpt>
      <trkpt lat="42.76003" lon="-86.10678">
        <ele>199.5</ele>
      </trkpt>
      <trkpt lat="42.76135" lon="-86.10683">
        <ele>197.9</ele>
      </trkpt>
      <trkpt lat="42.76176" lon="-86.10685">
        <ele>197.4</ele>
      </trkpt>
      <trkpt lat="42.76264" lon="-86.10688">
        <ele>196.8</ele>
      </trkpt>
      <trkpt lat="42.76353" lon="-86.10691">
        <ele>195.9</ele>
      </trkpt>
      <trkpt lat="42.76388" lon="-86.10692">
        <ele>195.8</ele>
      </trkpt>
      <trkpt lat="42.76446" lon="-86.10694">
        <ele>195.6</ele>
      </trkpt>
      <trkpt lat="42.76539" lon="-86.10693">
        <ele>195.2</ele>
      </trkpt>
      <trkpt lat="42.76625" lon="-86.10697">
        <ele>194.7</ele>
      </trkpt>
      <trkpt lat="42.7664" lon="-86.10694">
        <ele>194.6</ele>
      </trkpt>
      <trkpt lat="42.76676" lon="-86.10694">
        <ele>194.5</ele>
      </trkpt>
      <trkpt lat="42.76712" lon="-86.10695">
        <ele>194.3</ele>
      </trkpt>
      <trkpt lat="42.76766" lon="-86.10697">
        <ele>194.1</ele>
      </trkpt>
      <trkpt lat="42.76854" lon="-86.10698">
        <ele>193.7</ele>
      </trkpt>
      <trkpt lat="42.76868" lon="-86.10699">
        <ele>193.7</ele>
      </trkpt>
      <trkpt lat="42.76943" lon="-86.10699">
        <ele>193.7</ele>
      </trkpt>
      <trkpt lat="42.77034" lon="-86.107">
        <ele>193.2</ele>
      </trkpt>
      <trkpt lat="42.77125" lon="-86.10702">
        <ele>192.8</ele>
      </trkpt>
      <trkpt lat="42.77179" lon="-86.10702">
        <ele>192.5</ele>
      </trkpt>
      <trkpt lat="42.77215" lon="-86.10703">
        <ele>192.4</ele>
      </trkpt>
      <trkpt lat="42.77307" lon="-86.10704">
        <ele>191.9</ele>
      </trkpt>
      <trkpt lat="42.77399" lon="-86.10705">
        <ele>191.5</ele>
      </trkpt>
      <trkpt lat="42.77453" lon="-86.10706">
        <ele>191.2</ele>
      </trkpt>
      <trkpt lat="42.77469" lon="-86.10706">
        <ele>191.1</ele>
      </trkpt>
      <trkpt lat="42.77469" lon="-86.10706">
        <ele>191.1</ele>
      </trkpt>
      <trkpt lat="42.77489" lon="-86.10706">
        <ele>191.3</ele>
      </trkpt>
      <trkpt lat="42.77559" lon="-86.10708">
        <ele>191.0</ele>
      </trkpt>
      <trkpt lat="42.77577" lon="-86.10708">
        <ele>190.9</ele>
      </trkpt>
      <trkpt lat="42.77669" lon="-86.10709">
        <ele>189.1</ele>
      </trkpt>
      <trkpt lat="42.77688" lon="-86.10709">
        <ele>188.9</ele>
      </trkpt>
      <trkpt lat="42.77761" lon="-86.10711">
        <ele>188.5</ele>
      </trkpt>
      <trkpt lat="42.77851" lon="-86.10711">
        <ele>188.3</ele>
      </trkpt>
      <trkpt lat="42.77941" lon="-86.10712">
        <ele>188.2</ele>
      </trkpt>
      <trkpt lat="42.7796" lon="-86.10712">
        <ele>188.2</ele>
      </trkpt>
      <trkpt lat="42.77976" lon="-86.10712">
        <ele>188.1</ele>
      </trkpt>
      <trkpt lat="42.77988" lon="-86.10712">
        <ele>188.0</ele>
      </trkpt>
      <trkpt lat="42.78031" lon="-86.10712">
        <ele>187.9</ele>
      </trkpt>
      <trkpt lat="42.78076" lon="-86.10713">
        <ele>187.7</ele>
      </trkpt>
      <trkpt lat="42.78121" lon="-86.10714">
        <ele>187.6</ele>
      </trkpt>
      <trkpt lat="42.78169" lon="-86.10715">
        <ele>187.6</ele>
      </trkpt>
      <trkpt lat="42.78213" lon="-86.10715">
        <ele>187.6</ele>
      </trkpt>
      <trkpt lat="42.78263" lon="-86.10714">
        <ele>187.3</ele>
      </trkpt>
      <trkpt lat="42.78302" lon="-86.10714">
        <ele>187.3</ele>
      </trkpt>
      <trkpt lat="42.78394" lon="-86.10714">
        <ele>187.0</ele>
      </trkpt>
      <trkpt lat="42.78446" lon="-86.10714">
        <ele>186.7</ele>
      </trkpt>
      <trkpt lat="42.78485" lon="-86.10714">
        <ele>186.7</ele>
      </trkpt>
      <trkpt lat="42.78574" lon="-86.10715">
        <ele>186.5</ele>
      </trkpt>
      <trkpt lat="42.78574" lon="-86.10715">
        <ele>186.5</ele>
      </trkpt>
      <trkpt lat="42.78576" lon="-86.10553">
        <ele>186.7</ele>
      </trkpt>
      <trkpt lat="42.78576" lon="-86.10553">
        <ele>186.7</ele>
      </trkpt>
      <trkpt lat="42.78577" lon="-86.10436">
        <ele>187.0</ele>
      </trkpt>
      <trkpt lat="42.78577" lon="-86.10424">
        <ele>187.0</ele>
      </trkpt>
      <trkpt lat="42.78577" lon="-86.10407">
        <ele>187.0</ele>
      </trkpt>
      <trkpt lat="42.78578" lon="-86.10389">
        <ele>187.0</ele>
      </trkpt>
      <trkpt lat="42.78578" lon="-86.10361">
        <ele>187.0</ele>
      </trkpt>
      <trkpt lat="42.78578" lon="-86.10322">
        <ele>187.0</ele>
      </trkpt>
      <trkpt lat="42.78578" lon="-86.10285">
        <ele>187.0</ele>
      </trkpt>
      <trkpt lat="42.78578" lon="-86.10272">
        <ele>186.9</ele>
      </trkpt>
      <trkpt lat="42.78578" lon="-86.10262">
        <ele>186.9</ele>
      </trkpt>
      <trkpt lat="42.78578" lon="-86.10241">
        <ele>186.7</ele>
      </trkpt>
      <trkpt lat="42.78579" lon="-86.1021">
        <ele>186.7</ele>
      </trkpt>
      <trkpt lat="42.78579" lon="-86.10159">
        <ele>186.4</ele>
      </trkpt>
      <trkpt lat="42.7858" lon="-86.10125">
        <ele>186.5</ele>
      </trkpt>
      <trkpt lat="42.7858" lon="-86.10097">
        <ele>186.6</ele>
      </trkpt>
      <trkpt lat="42.7858" lon="-86.10086">
        <ele>186.6</ele>
      </trkpt>
      <trkpt lat="42.7858" lon="-86.10043">
        <ele>186.4</ele>
      </trkpt>
      <trkpt lat="42.78581" lon="-86.10031">
        <ele>186.4</ele>
      </trkpt>
      <trkpt lat="42.7858" lon="-86.09994">
        <ele>186.7</ele>
      </trkpt>
      <trkpt lat="42.78581" lon="-86.09951">
        <ele>187.0</ele>
      </trkpt>
      <trkpt lat="42.78581" lon="-86.0993">
        <ele>187.0</ele>
      </trkpt>
      <trkpt lat="42.78581" lon="-86.0993">
        <ele>187.0</ele>
      </trkpt>
      <trkpt lat="42.78581" lon="-86.09929">
        <ele>187.0</ele>
      </trkpt>
      <trkpt lat="42.78581" lon="-86.09929">
        <ele>187.0</ele>
      </trkpt>
      <trkpt lat="42.78581" lon="-86.0993">
        <ele>187.0</ele>
      </trkpt>
      <trkpt lat="42.78581" lon="-86.099289">
        <ele>187.0</ele>
      </trkpt>
      <trkpt lat="42.78581" lon="-86.09928">
        <ele>187.0</ele>
      </trkpt>
    </trkseg>
  </trk>
</gpx>
